DOW US Equity,6/30/2000,6/30/2003,0,3%,0.04448115,-0.00699618,-0.01595735,0.21767400,-0.04251400,-0.04251400,0.04846277,0.01513910,0.00704435,0.10400800,-0.01397300,-0.01397300,0.05356869,0.04017361,0.02999828,0.07103600,0.00341800,0.00341800,0.12181033,0.01053508,0.03405600,0.20945900,-0.02135000,-0.02135000,0.06464038,0.01173238,0.01262262,0.11186000,0.00286500,0.00286500,0.01237900,-0.01787808,-0.09127577,0.02481200,-0.02908800,-0.02908800,0.14692227,0.30324227,0.04191973,0.30703200,0.30703200,0.30703200,0.10819042,0.03402425,0.05619233,0.22138700,0.03410700,0.03410700,0.24054175,0.25296175,0.35238292,0.39104000,0.40140700,0.40140700,0.58571000,0.82925092,0.84068327,0.46134700,0.51817100,0.51817100,18.10956846,-6.68599404,-15.70942404,22.33000000,-7.63000000,-7.63000000,0.22237546,0.42667854,0.77589985,0.18886000,0.30696100,0.30696100,-0.21921656,-0.24755676,0.04831351,-0.51551200,-0.99180700,-0.99180700,0.40884675,0.81878590,1.61491917,44.20120000,25.63750000,25.63750000,-1.64885650,0.09808784,0.51286723,12.22510000,1.14220000,1.14220000,-0.67343912,-0.34014710,0.25340041,6.66150000,-2.97130000,-2.97130000,-2.92156615,-0.37735610,-1.30315093,0.30720000,-0.01060000,-0.01060000,-0.08089188,0.47554000,-0.26041800,0.44302000,-0.27369200,0.42706000,-0.01985100,0.36331800,0.00076308,0.00236100,0.08451092,0.17275700,-2.27836838,0.69881900,-0.09805994,0.23660400,0.00056962,0.00080200,0.00180862,0.00352700,0.03593354,0.08800600,-0.08214416,0.00044536,0.00009486,0.00009486,0.00076308,-0.00073254,0.00236100,-0.00222800,-0.00222800,,,,,,,,,,,,
DOW US Equity,12/31/2000,12/31/2003,0,19%,0.00472171,-0.06224213,-0.05226779,0.18429600,-0.06685300,-0.06685300,0.02396021,-0.03537163,-0.01298662,0.07990800,-0.03805900,-0.03805900,0.06107029,0.01631875,0.03409054,0.05671400,-0.01360100,-0.01360100,0.11288792,0.04673892,0.01000425,0.16614600,-0.00221400,-0.00221400,0.04083554,-0.00931115,-0.01128669,0.08426200,-0.01353200,-0.01353200,-0.00591186,-0.03767816,-0.07494555,-0.00447400,-0.05743000,-0.05743000,0.09249327,-0.03447567,0.28116819,0.23409200,-0.04942800,-0.04942800,0.08306617,-0.00113117,0.03828992,0.16614600,-0.01491000,-0.01491000,0.34680654,0.37323012,0.40867021,0.56025100,0.57061800,0.57061800,0.08847400,-15.73949958,0.35682267,0.25845200,0.31527600,0.31527600,12.43978643,-12.81481742,-15.89639940,15.99000000,-13.93000000,-13.93000000,0.03845229,0.03776621,0.40382490,0.12592000,0.24402100,0.24402100,-0.84065219,-0.96902006,0.57691524,-0.51551200,-0.99180700,-0.99180700,0.79472365,0.80682649,3.02937342,35.50740000,16.89150000,16.89150000,-0.86483428,0.81001751,1.23890488,26.77620000,14.86480000,14.86480000,-0.12010267,0.25007373,0.67888757,10.76030000,0.67570000,0.67570000,-3.04270027,-0.99624778,0.33812938,0.30720000,-0.16180000,-0.16180000,-0.40810471,0.60512000,-0.30146533,0.55414000,-0.28644133,0.49645000,0.00323750,0.40508100,-0.00127329,0.00080500,0.04398477,0.12560500,-2.16877463,0.79814200,-0.06480906,0.26256600,-0.00087043,-0.00015600,-0.00052029,0.00169200,0.02729254,0.08576800,0.04085181,0.00021019,-0.00010617,-0.00010617,-0.00127329,-0.00383105,0.00080500,-0.00377900,-0.00377900,,,,,,,,,,,,
DOW US Equity,6/30/2001,6/30/2004,0,22%,-0.00858229,-0.05306344,-0.06005962,0.15420400,-0.06347000,-0.06347000,0.01581457,-0.03264820,-0.01750910,0.04957700,-0.05443100,-0.05443100,0.04340650,-0.01016219,0.03001142,0.00343400,-0.06760200,-0.06760200,-0.01468123,-0.13649156,-0.12595648,0.01028000,-0.19917900,-0.19917900,0.00421307,-0.06042731,-0.04869493,0.04920500,-0.06265500,-0.06265500,-0.04811636,-0.06049536,-0.07837343,-0.03068300,-0.05549500,-0.05549500,0.01484893,-0.13207333,0.17116893,0.14840400,-0.15862800,-0.15862800,0.02503662,-0.08315380,-0.04912955,0.08509300,-0.13629400,-0.13629400,0.10917938,-0.13136237,0.12159938,0.18833800,-0.20270200,-0.20270200,-0.79432538,-1.38003538,-0.55078447,-0.94254800,-1.40389500,-1.40389500,2.94669714,-15.16287132,-21.84886536,5.66000000,-16.67000000,-16.67000000,-0.02549100,-0.24786646,0.17881208,-0.24573000,-0.43459000,-0.43459000,-1.11480175,-0.89558519,-1.14314195,0.40851500,0.92402700,0.92402700,0.63737928,0.22853252,1.04731842,35.50740000,-8.69380000,-8.69380000,0.77338075,2.42223724,2.52032508,75.36910000,63.14400000,63.14400000,0.54790290,1.22134202,0.88119492,13.80100000,7.13950000,7.13950000,-7.93238487,-5.01081872,-5.38817483,0.07180000,-0.23540000,-0.23540000,-0.40909882,0.30563000,-0.38304800,0.32720000,-0.32723867,0.44693000,0.09398300,0.50063600,-0.00049214,-0.00026700,0.00157250,0.07309200,-1.86168919,1.14440900,-0.00060463,0.32795600,-0.00116043,-0.00075800,-0.00183993,0.00046700,0.01999786,0.07610200,-0.01516785,0.00012793,-0.00031743,-0.00031743,-0.00049214,-0.00125522,-0.00026700,-0.00262800,-0.00262800,,,,,,,,,,,,
DOW US Equity,12/31/2002,12/31/2005,0,48%,-0.09114207,-0.01630227,-0.09586378,0.13823200,-0.01181300,-0.01181300,0.09456567,0.01940767,0.07060545,0.03964500,-0.00196600,-0.00196600,-0.34399647,-0.27318913,-0.40506675,-0.01228200,0.00156400,0.00156400,-0.02965487,-0.00167715,-0.14254278,-0.03836800,-0.00310000,-0.00310000,0.00081540,-0.00241020,-0.04002014,0.04358300,0.00000000,0.00000000,0.04097969,0.10497162,0.04689154,0.01789300,0.02852600,0.02852600,-0.08435938,-0.07372804,-0.17685264,0.12384400,0.01785800,0.01785800,-0.19946573,-0.20265988,-0.28253190,0.03415500,-0.00871600,-0.00871600,0.01324067,-0.01734169,-0.33356587,-0.01028600,0.04825700,0.04825700,-0.83022233,-0.24672776,-0.91869633,0.12207800,1.06462600,1.06462600,17.34573293,1.75418093,4.90594650,21.08000000,1.97000000,1.97000000,-0.22044569,-0.44375609,-0.25889797,-0.23963500,-0.20344500,-0.20344500,-0.80367844,-0.25126425,0.03697375,-0.69829000,-0.14675200,-0.14675200,0.72383947,0.23689873,-0.07088417,55.92990000,20.42250000,20.42250000,-0.66109960,-0.16133609,0.20373468,18.94450000,-3.31680000,-3.31680000,0.42615023,0.20683962,0.54625289,13.69510000,2.60220000,2.60220000,-5.02224446,-0.76780195,-1.97954419,0.13140000,-0.04170000,-0.04170000,-0.50720235,0.28545000,-0.30863938,0.49816000,-0.29290625,0.45272000,0.17423212,0.52038300,-0.00004053,0.00077700,-0.00095560,0.04929800,-9.82353006,1.70941500,0.05346818,0.32950800,0.00061180,0.00037200,0.00013980,0.00161700,0.01552720,0.06471800,-0.03707094,0.00011848,0.00000192,0.00000192,-0.00004053,0.00257900,0.00077700,0.00041000,0.00041000,,,,,,,,,,,,
DOW US Equity,12/31/2003,12/31/2006,0,-4%,-0.08352673,0.00761533,-0.00868693,0.13652200,-0.00171000,-0.00171000,0.01583780,-0.07872787,-0.05932020,0.06187200,0.02222700,0.02222700,-0.15052820,0.19346827,-0.07972087,0.05301500,0.06529700,0.06529700,0.11886453,0.14851940,0.14684225,0.20594000,0.24430800,0.24430800,-0.00124873,-0.00206413,-0.00447433,0.04358300,0.00000000,0.00000000,0.09832713,0.05734744,0.16231906,0.06915000,0.05125700,0.05125700,0.07597035,0.16032973,0.08660169,0.24034300,0.11649900,0.11649900,0.08401187,0.28347760,0.08081772,0.15296700,0.11881200,0.11881200,0.11237367,0.09913300,0.08179131,0.18579900,0.19608500,0.19608500,1.68563633,2.51585867,2.26913090,0.12207800,0.00000000,0.00000000,33.48063760,16.13490467,17.88908560,37.66000000,16.58000000,16.58000000,0.43928938,0.65973506,0.21597898,0.34499300,0.58462800,0.58462800,0.60448488,1.40816331,1.15689906,0.78221300,1.48050300,1.48050300,-0.41937241,-1.14321189,-0.90631316,14.33140000,-41.59850000,-41.59850000,-0.33084465,0.33025495,0.16891886,13.43730000,-5.50720000,-5.50720000,0.35805211,-0.06809812,0.13874149,12.90290000,-0.79220000,-0.79220000,-2.94031272,2.08193174,1.31412979,0.42550000,0.29410000,0.29410000,-0.42646278,0.19916000,-0.47312176,0.18500000,-0.33939500,0.25695000,0.10658271,0.45118300,0.00132980,0.00237700,0.03816388,0.08838200,-0.17542082,1.42877400,0.01770524,0.31293100,0.00229413,0.00203400,0.00165387,0.00287300,0.01956563,0.06333900,-0.05353296,0.00009395,-0.00002454,-0.00002454,0.00132980,0.00137033,0.00237700,0.00160000,0.00160000,,,,,,,,,,,,
DOW US Equity,6/30/2004,6/30/2007,0,9%,-0.07679907,0.02244080,-0.00515060,0.14567700,0.01952700,0.01952700,0.00168240,-0.07011600,-0.10691400,0.07568700,0.03475800,0.03475800,-0.12435847,0.16449587,0.07278000,0.06810100,0.07509300,0.07509300,0.33751407,0.44123947,0.31418764,0.27214300,0.29582900,0.29582900,-0.00159673,-0.00346740,-0.00045493,0.04358300,0.00000000,0.00000000,0.05754506,-0.06825388,0.15671663,0.04451400,-0.01829900,-0.01829900,0.19215659,0.23808382,0.17791045,0.30245700,0.16380600,0.16380600,0.19207927,0.24505973,0.19356798,0.21906700,0.16700300,0.16700300,0.04084887,-0.06532807,-0.00529699,0.16955200,0.02949300,0.02949300,2.34813420,1.78135760,-0.59400551,0.12207800,0.00000000,0.00000000,24.46600627,-3.58320467,4.69881267,28.37000000,-3.79000000,-3.79000000,0.47278013,0.57300694,0.11882486,0.47815100,0.68884800,0.68884800,-0.48422488,-5.08391263,0.15482681,-0.39917700,-4.80998500,-4.80998500,0.18383786,0.82634621,-2.55159491,22.08940000,6.23680000,6.23680000,0.35565104,0.31649351,1.02385438,17.58470000,4.85970000,4.85970000,-0.10229750,-0.53741180,-0.28120358,10.68720000,-2.27150000,-2.27150000,-1.51504436,2.06543848,3.23302111,0.74260000,0.42510000,0.42510000,-0.37770778,0.23305000,-0.37355471,0.25786000,-0.36931063,0.22781000,0.08648161,0.42900200,-0.00119587,0.00155800,0.03532119,0.11525500,-0.89513106,1.27146900,0.00553128,0.29833600,0.00122180,0.00135200,0.00066293,0.00225400,0.01730463,0.05938500,-0.03590313,0.00010074,-0.00001903,-0.00001903,-0.00119587,-0.00249660,0.00155800,-0.00023300,-0.00023300,,,,,,,,,,,,
DOW US Equity,12/31/2004,12/31/2007,0,-20%,-0.09528118,-0.01175444,-0.00413911,0.13403600,-0.00248600,-0.00248600,0.04586376,0.03002596,-0.04870190,0.07128800,0.00941600,0.00941600,-0.10291718,0.04761102,0.24107929,0.05682100,0.00380600,0.00380600,0.31534500,0.19648047,0.34499987,0.21282400,0.00688400,0.00688400,0.03502440,0.03627313,0.03420900,0.07974700,0.03616400,0.03616400,0.00340622,-0.09492090,-0.03757347,0.03514200,-0.03400800,-0.03400800,0.16812665,0.09215629,0.25248602,0.26700900,0.02666600,0.02666600,0.23763556,0.15362370,0.43710130,0.19230600,0.03933900,0.03933900,0.10595093,-0.00642273,0.09271027,0.23072400,0.04492500,0.04492500,2.23879847,0.55316213,3.06902080,0.31907500,0.19699700,0.19699700,23.10153365,-10.37910395,5.75580071,26.70000000,-10.96000000,-10.96000000,0.11438881,-0.32490056,0.33483450,0.26236600,-0.08262700,-0.08262700,0.09346044,-0.51102444,0.89713888,-0.06231700,-0.84453000,-0.84453000,0.08695616,0.50632858,-0.63688331,28.19510000,13.86370000,13.86370000,-1.73816551,-1.40732086,-1.07706591,21.73420000,8.29690000,8.29690000,-0.73756482,-1.09561692,-1.16371504,11.72090000,-1.18200000,-1.18200000,-3.33493406,-0.39462134,1.68731040,0.59500000,0.16950000,0.16950000,-0.65060895,0.10809000,-0.39020111,0.19256000,-0.33853375,0.22256000,0.03921767,0.35731400,0.00095488,0.00184300,0.06633041,0.11458200,-0.90079950,1.02640600,-0.01595822,0.27446900,0.00137300,0.00131600,0.00080265,0.00212000,0.00736253,0.05812600,-0.01771879,0.00015144,0.00005750,0.00005750,0.00095488,-0.00037492,0.00184300,-0.00053400,-0.00053400,,,,,,,,,,,,
DOW US Equity,6/30/2005,6/30/2008,0,-22%,-0.09446947,-0.01767040,0.00477040,0.13646100,-0.00921600,-0.00921600,0.06786294,0.06618054,-0.00393546,0.07864200,0.00295500,0.00295500,-0.02943371,0.09492476,0.25942063,0.06393700,-0.00416400,-0.00416400,0.27583618,-0.06167789,0.37956158,0.23574600,-0.03639700,-0.03639700,0.04207688,0.04367361,0.04020621,0.09212700,0.04854400,0.04854400,0.01901233,-0.03853273,-0.10678660,0.07592000,0.03140600,0.03140600,0.08049806,-0.11165853,0.12642529,0.28996300,-0.01249400,-0.01249400,0.22383024,0.03175097,0.27681070,0.20675000,-0.01231700,-0.01231700,0.11624027,0.07539140,0.01006333,0.24462800,0.07507600,0.07507600,2.14521873,-0.20291547,1.57844213,0.16853000,0.04645200,0.04645200,38.97057700,14.50457073,10.92136607,43.93000000,15.56000000,15.56000000,-0.02253425,-0.49531438,0.07769256,0.18958900,-0.28856200,-0.28856200,1.31348924,1.79771411,-3.28619851,1.68101400,2.08019100,2.08019100,-1.04405123,-1.22788909,-0.40154288,13.02720000,-9.06220000,-9.06220000,-2.36985702,-2.72550806,-2.40901456,11.94560000,-5.63910000,-5.63910000,-0.80625391,-0.70395641,-1.24136820,9.45020000,-1.23700000,-1.23700000,-1.06388437,0.45115999,2.51659847,0.91650000,0.17390000,0.17390000,-0.13544850,0.24975000,-0.31614053,0.26735000,-0.34070944,0.22514000,0.06865517,0.30596200,-0.00021700,0.00419800,0.09253847,0.13704200,0.04547367,0.81115100,-0.00343883,0.25377100,0.00200224,0.00286300,0.00156682,0.00385700,-0.00910861,0.06289600,-0.01104766,0.00019658,0.00009584,0.00009584,-0.00021700,0.00097887,0.00419800,0.00264000,0.00264000,,,,,,,,,,,,
DOW US Equity,12/31/2005,12/31/2008,0,-66%,-0.09456641,0.00071476,-0.01103968,0.14162000,0.00758400,0.00758400,0.26771188,0.22184812,0.25187408,0.08594800,0.01466000,0.01466000,0.13903294,0.24195012,0.28956114,0.06774400,0.01092300,0.01092300,0.11787659,-0.19746841,-0.00098795,0.22736800,0.01454400,0.01454400,0.01119912,-0.02382528,0.01244785,0.09948500,0.01973800,0.01973800,0.02060867,0.01720244,-0.07771846,0.06788500,0.03274300,0.03274300,0.04269733,-0.12542931,-0.03327302,0.28846900,0.02146000,0.02146000,0.09145553,-0.14618003,0.00744366,0.21090800,0.01860200,0.01860200,0.06437253,-0.04157840,-0.04800114,0.15303400,-0.07769000,-0.07769000,0.00267971,-2.23611876,-1.68295663,0.37467100,0.05559600,0.05559600,39.49418959,16.39265594,6.01355199,44.74000000,18.04000000,18.04000000,0.12007444,0.00568563,-0.31921493,0.22379300,-0.03857300,-0.03857300,-0.84355233,-0.93701277,-1.44803721,-0.38044000,-0.31812300,-0.31812300,-0.96456617,-1.05152234,-0.54519376,14.67220000,-13.52290000,-13.52290000,-2.31802026,-0.57985475,-1.98717561,11.30640000,-10.42780000,-10.42780000,-0.66890282,0.06866200,-1.02695492,8.34870000,-3.37220000,-3.37220000,-1.15005634,2.18487772,1.79025638,0.87430000,0.27930000,0.27930000,-0.21807250,0.13295000,-0.26859895,0.18822000,-0.30279579,0.22505000,0.07843228,0.25096800,-0.00506129,0.00464000,0.08202129,0.14828900,0.01901444,0.69864300,-0.00489956,0.23307400,0.00195518,0.00268700,0.00185188,0.00417900,-0.00856789,0.06506400,-0.02079226,0.00022982,0.00007838,0.00007838,-0.00506129,-0.00601618,0.00464000,0.00279700,0.00279700,,,,,,,,,,,,
DOW US Equity,6/30/2006,6/30/2009,0,-59%,-0.09957994,-0.00511047,-0.02278087,0.13943400,0.00297300,0.00297300,0.15741665,0.08955371,0.15573425,0.08424300,0.00560100,0.00560100,-0.03277841,-0.00334471,0.09158005,0.06760000,0.00366300,0.00366300,0.10392541,-0.17191076,-0.23358865,0.20904200,-0.02670400,-0.02670400,0.01147029,-0.03060658,0.01306703,0.10216500,0.01003800,0.01003800,0.01062744,-0.00838489,-0.04691762,0.06201400,-0.01390600,-0.01390600,0.06203650,-0.01846156,-0.13012009,0.26050900,-0.02945400,-0.02945400,0.08910806,-0.13472218,-0.10297121,0.20366200,-0.00308800,-0.00308800,-0.08012006,-0.19636033,-0.12096893,0.08088500,-0.16374300,-0.16374300,-0.05735029,-2.20256903,-2.40548449,0.14280700,-0.02572300,-0.02572300,34.73580694,-4.23477006,10.26980067,39.67000000,-4.26000000,-4.26000000,0.35468400,0.37721825,-0.11809613,0.09742500,-0.09216400,-0.09216400,-15.33508600,-16.64857524,-14.85086113,-0.17082700,-1.85184100,-1.85184100,-2.44722351,-1.40317229,-2.63106138,16.22500000,3.19780000,3.19780000,-0.09857754,2.27127948,-0.45422858,11.54730000,-0.39830000,-0.39830000,-0.64305327,0.16320064,-0.54075577,7.51690000,-1.93330000,-1.93330000,-1.65419265,-0.59030828,-0.13914829,0.64280000,-0.27370000,-0.27370000,-0.15337150,0.20699000,-0.27904789,0.19548000,-0.30538895,0.19208000,0.10075753,0.24736600,0.01676224,0.00375700,0.05122012,0.14576600,0.05815432,0.60772100,-0.00050642,0.22142000,0.00076471,0.00227300,0.00055859,0.00388300,0.01473428,0.06386500,-0.05105259,0.00024826,0.00005168,0.00005168,0.01676224,0.01697924,0.00375700,-0.00044100,-0.00044100,,,,,,,,,,,,
DOW US Equity,6/30/2007,6/30/2010,0,-46%,-0.08239468,0.01718526,0.01207479,0.12242500,-0.01700900,-0.01700900,-0.03048895,-0.18790559,-0.09835189,0.06299200,-0.02125100,-0.02125100,-0.04255953,-0.00978111,-0.01312582,0.05036600,-0.01723400,-0.01723400,0.03690572,-0.06701969,-0.23893045,0.14623900,-0.06280300,-0.06280300,-0.01290147,-0.02437176,-0.05497835,0.07538400,-0.02678100,-0.02678100,0.02895800,0.01833056,0.00994567,0.05748400,-0.00453000,-0.00453000,0.01562179,-0.04641471,-0.06487627,0.18289900,-0.07761000,-0.07761000,0.05463772,-0.03447034,-0.16919251,0.17024500,-0.03341700,-0.03341700,-0.56877088,-0.48865082,-0.68501115,0.05418500,-0.02670000,-0.02670000,-1.17593741,-1.11858712,-3.32115615,-0.21457400,-0.35738100,-0.35738100,36.50554663,1.76973969,-2.46503037,42.84000000,3.17000000,3.17000000,-0.08310872,-0.43779272,-0.06057447,-0.13406600,-0.23149100,-0.23149100,-1.65757744,13.67750856,-2.97106668,0.22137600,0.39220300,0.39220300,-0.75091370,1.69630981,0.29313753,17.53130000,1.30630000,1.30630000,0.20378652,0.30236406,2.57364354,11.90230000,0.35500000,0.35500000,-0.46221733,0.18083594,0.34403658,9.66260000,2.14570000,2.14570000,-1.85355200,-0.19935935,-0.78966763,0.61030000,-0.03250000,-0.03250000,-0.19367429,0.12543000,-0.17548500,0.18214000,-0.17851211,0.21533000,1.17806777,0.26293200,0.00682072,0.00375100,0.00005942,0.11069600,0.05213443,0.54088600,-0.00458745,0.20556300,0.00111722,0.00250400,0.00060939,0.00444200,0.02083394,0.06616000,-0.02892448,0.00015224,-0.00009602,-0.00009602,0.00682072,-0.00994151,0.00375100,-0.00000600,-0.00000600,,,,,,,,,,,,
DOW US Equity,12/31/2008,12/31/2011,0,91%,-0.09928318,0.00186477,-0.02463913,0.09386000,-0.01953300,-0.01953300,-0.00985395,-0.01372134,-0.07687929,0.03678100,-0.01739300,-0.01739300,-0.07738018,-0.02552795,0.10075503,0.01008800,-0.02362300,-0.02362300,0.13195752,0.05889962,0.06884170,0.03519800,-0.06377600,-0.06377600,-0.03330700,0.00407344,-0.03891400,0.02438100,-0.03619400,-0.03619400,0.33171786,0.27974491,0.31574941,0.17457200,0.10958600,0.10958600,0.14645843,0.08681828,0.08755954,0.12832800,-0.03072200,-0.03072200,0.09172952,0.02736297,0.00999288,0.09634300,-0.04881700,-0.04881700,-0.10739273,0.10149485,1.08101727,0.07252400,-0.01682100,-0.01682100,-0.57087725,0.16607796,-0.30732413,-0.67904700,-0.32866900,-0.32866900,44.74518845,5.06270368,9.08116440,47.11000000,2.27000000,2.27000000,-0.08277021,-0.07313188,-0.12647215,-0.14580500,-0.01601700,-0.01601700,1.05938211,2.12947499,0.52972361,1.93194100,2.13771000,2.13771000,-0.78431494,0.49194572,0.13605934,5.73850000,-9.84020000,-9.84020000,-1.82245422,-1.87029131,-2.00115020,5.00390000,-5.35770000,-5.35770000,-1.06961653,-0.29167161,-0.45614394,5.42290000,-3.70680000,-3.70680000,-2.25798340,0.06447980,-0.60794240,0.89030000,0.00000000,0.00000000,0.40225136,1.22869000,-0.17056524,0.95074000,-0.21379857,0.54072000,0.05249173,0.34916700,0.00795091,0.00347600,0.03380736,0.07478700,-0.05093932,0.87750700,-0.01965505,0.26072000,0.00733981,0.00205400,0.00252755,0.00397400,-0.17470038,0.06008100,-0.03536998,0.00009770,-0.00003734,-0.00003734,0.00795091,-0.00737132,0.00347600,-0.00024900,-0.00024900,,,,,,,,,,,,
DOW US Equity,6/30/2009,6/30/2012,0,95%,-0.11562450,-0.01791755,-0.03322982,0.08822600,-0.02189600,-0.02189600,-0.05388995,-0.05195381,-0.02340101,-0.00096500,-0.05463600,-0.05463600,-0.08683382,-0.02264477,-0.04427429,-0.03096700,-0.06434600,-0.06434600,0.06575523,-0.02953830,0.02884951,-0.08847500,-0.19220800,-0.19220800,-0.08033430,-0.05971419,-0.06743283,-0.03381900,-0.09577200,-0.09577200,-0.02007200,-0.10428005,-0.04903000,0.08012800,0.03070200,0.03070200,0.02219536,-0.07394159,0.00657357,-0.00251000,-0.16930400,-0.16930400,0.01208400,-0.07854857,-0.04255372,0.00322700,-0.14475900,-0.14475900,-0.13808114,-0.13290114,0.43068975,-0.20951400,-0.38244400,-0.38244400,-0.09398924,0.00904724,1.08194817,-0.67904700,-0.45638600,-0.45638600,29.55374073,-5.27809795,-6.95180590,33.58000000,-4.77000000,-4.77000000,-0.38365411,-0.54367822,-0.30054538,-0.57511900,-0.60941900,-0.60941900,-0.95232655,0.20029051,0.70525089,1.93194100,2.50993100,2.50993100,-0.36380092,-0.74385702,0.38711278,9.96440000,-10.66200000,-10.66200000,0.26361548,0.14136093,0.05982895,13.12750000,1.96540000,1.96540000,0.04593876,1.05748519,0.50815609,19.00910000,11.16620000,11.16620000,-3.22428000,-0.06041507,-1.37072800,0.89030000,0.00000000,0.00000000,-0.12344773,0.45464000,0.12089810,0.78685000,-0.08754905,0.77096000,0.24618141,0.48009800,-0.00248923,0.00097300,-0.04219777,-0.00117300,0.58409759,1.51205500,0.08950655,0.35920700,0.00352368,0.00062200,-0.00211150,0.00141300,0.00490105,0.06006800,-0.02022504,-0.00008117,-0.00023784,-0.00023784,-0.00248923,-0.00954118,0.00097300,-0.00145600,-0.00145600,,,,,,,,,,,,
DOW US Equity,12/31/2009,12/31/2012,0,17%,-0.12098891,-0.02170573,-0.01984095,0.11903100,0.02517100,0.02517100,-0.08572095,-0.07586700,-0.08958834,0.01108600,-0.02569500,-0.02569500,-0.09280186,-0.01542168,-0.04094964,0.01442500,0.00433700,0.00433700,0.02528909,-0.10666843,-0.04776881,0.02235100,-0.01284700,-0.01284700,-0.06934629,-0.03603929,-0.03196584,-0.00025300,-0.02463400,-0.02463400,-0.09259832,-0.42431618,-0.14457127,0.01205100,-0.16252100,-0.16252100,-0.05722205,-0.20368047,-0.11686220,0.03312700,-0.09520100,-0.09520100,-0.02615695,-0.11788648,-0.09052350,0.04415000,-0.05219300,-0.05219300,-0.04205277,0.06533995,0.16683481,-0.21732200,-0.28984600,-0.28984600,0.16926790,0.74014515,0.90622312,0.11917100,0.79821800,0.79821800,15.41496936,-29.33021909,-24.26751541,20.66000000,-26.45000000,-26.45000000,-0.26672567,-0.18395546,-0.25708733,-0.23510500,-0.08930000,-0.08930000,-0.61471762,-1.67409972,0.45537527,0.37474900,-1.55719200,-1.55719200,1.59480679,2.37912173,2.87106745,100.59440000,94.85590000,94.85590000,0.19714299,2.01959720,0.14930589,27.04570000,22.04180000,22.04180000,0.03805507,1.10767160,0.81599999,16.80500000,11.38210000,11.38210000,-3.40341005,-1.14542665,-1.08094685,0.89030000,0.00000000,0.00000000,-0.06877318,0.28233000,-0.03102810,0.42232000,0.01446714,0.70783000,0.25905432,0.44892800,0.00223832,0.00053100,-0.04002909,0.01434500,0.65250482,1.35143500,0.08844409,0.33889200,0.00213241,0.00017100,-0.00330809,0.00092300,0.03449419,0.09325400,-0.02287720,-0.00000052,-0.00009822,-0.00009822,0.00223832,-0.00571259,0.00053100,-0.00294500,-0.00294500,,,,,,,,,,,,
DOW US Equity,6/30/2010,6/30/2013,0,37%,-0.10909359,0.00653091,-0.01138664,0.12924100,0.04101500,0.04101500,-0.05279286,0.00109709,-0.05085672,0.04186500,0.04283000,0.04283000,-0.06200345,0.02483036,0.00218559,0.04209800,0.07306500,0.07306500,0.03265905,-0.03309618,-0.06263448,0.11363300,0.20210800,0.20210800,-0.02806110,0.05227320,-0.00744099,0.04464900,0.07846800,0.07846800,-0.00824618,0.01182582,-0.09245423,0.05346800,-0.02666000,-0.02666000,-0.05276123,-0.07495659,-0.14889818,0.13400000,0.13651000,0.13651000,-0.01069132,-0.02277532,-0.10132389,0.10019200,0.09696500,0.09696500,0.08318200,0.22126314,0.08836200,0.10544700,0.31496100,0.31496100,-0.09807659,-0.00408735,0.00495988,0.11917100,0.79821800,0.79821800,28.36814068,-1.18560005,-6.46369800,32.86000000,-0.72000000,-0.72000000,0.16335659,0.54701070,0.00333248,1.24450200,1.81962100,1.81962100,-0.66153919,0.29078736,0.49107787,0.37474900,-1.55719200,-1.55719200,0.60731378,0.97111469,0.22725767,18.03620000,8.07180000,8.07180000,0.44009240,0.17647693,0.31783786,15.38580000,2.25830000,2.25830000,-1.42869315,-1.47463191,-0.41714672,9.71330000,-9.29580000,-9.29580000,-3.25823477,-0.03395477,-0.09436984,0.89030000,0.00000000,0.00000000,0.04225870,0.37302000,0.05774955,0.49885000,-0.07019238,0.45104000,0.24109074,0.43109600,0.00451095,0.00124000,-0.02134745,0.04983800,0.55939374,1.30036400,0.08094904,0.33196600,0.00347500,0.00068600,-0.00168595,0.00153200,0.01554391,0.07308000,-0.01346803,0.00009097,0.00017213,0.00017213,0.00451095,0.00700018,0.00124000,0.00026700,0.00026700,,,,,,,,,,,,
DOW US Equity,12/31/2010,12/31/2013,0,30%,-0.09897422,0.02201469,0.00030896,0.13759000,0.01855900,0.01855900,-0.04644130,0.03927965,-0.03658735,0.05490600,0.04382000,0.04382000,-0.07732983,0.01547204,0.00005036,0.04303800,0.02861300,0.02861300,-0.00284018,-0.02812927,-0.13479771,0.11455500,0.09220400,0.09220400,-0.02931150,0.04003479,0.00399550,0.05886100,0.05911400,0.05911400,-0.01887143,0.07372688,-0.35058929,0.04948700,0.03743600,0.03743600,-0.04005805,0.01716400,-0.18651647,0.17136700,0.13824000,0.13824000,-0.00682514,0.01933182,-0.09855466,0.13362200,0.08947200,0.08947200,0.02631414,0.06836691,0.13370686,0.19485300,0.41217500,0.41217500,1.61614241,1.44687450,2.18701966,2.56481500,2.44564400,2.44564400,34.55532778,19.14035842,-10.18986067,41.02000000,20.36000000,20.36000000,-0.55627823,-0.28955256,-0.47350802,0.77714300,1.01224800,1.01224800,-1.38565267,-0.77093505,-2.44503477,0.08239800,-0.29235100,-0.29235100,0.42419334,-1.17061346,1.20850828,19.57240000,-81.02200000,-81.02200000,0.54292615,0.34578317,2.36538037,14.97800000,-12.06770000,-12.06770000,-1.86687031,-1.90492538,-0.79725378,10.39770000,-6.40730000,-6.40730000,-3.04833943,0.35507062,-0.79035603,0.89030000,0.00000000,0.00000000,-0.14915957,0.07378000,-0.08756826,0.23627000,-0.06929682,0.38455000,0.20826157,0.36127300,0.00386843,0.00183900,-0.05239600,0.06551400,0.58216587,1.33566900,0.10087622,0.34240100,-0.00188513,0.00082800,-0.00254470,0.00172200,0.00818300,0.06450200,-0.01283099,0.00010849,0.00010901,0.00010901,0.00386843,0.00163012,0.00183900,0.00130800,0.00130800,,,,,,,,,,,,
DOW US Equity,6/30/2011,6/30/2014,0,43%,-0.09368717,0.01540642,0.02193733,0.14955200,0.02031100,0.02031100,-0.04334361,0.00944925,0.01054635,0.07189400,0.03002900,0.03002900,-0.07629052,-0.01428707,0.01054330,0.05024600,0.00814800,0.00814800,-0.02544313,-0.05810218,-0.09119836,0.13878700,0.02515400,0.02515400,-0.02467904,0.00338205,0.05565526,0.08316600,0.03851700,0.03851700,-0.02022791,-0.01198173,-0.00015591,0.02424500,-0.02922300,-0.02922300,-0.03837539,0.01438584,-0.06057075,0.22511200,0.09111200,0.09111200,-0.00482104,0.00587027,-0.01690504,0.17056900,0.07037700,0.07037700,-0.05374864,-0.13693064,0.08433250,0.11389600,0.00844900,0.00844900,-0.97109555,-0.87301895,-0.87710631,0.32949300,0.21032200,0.21032200,27.13535026,-1.23279042,-2.41839047,34.39000000,1.53000000,1.53000000,0.11760205,-0.04575455,0.50125615,0.35004800,-0.89445400,-0.89445400,-0.96108348,-0.29954429,-0.00875693,-0.58609600,-0.96084500,-0.96084500,0.55395171,-0.05336206,0.91775263,39.46790000,21.43170000,21.43170000,0.89576773,0.45567533,0.63215225,18.97150000,3.58570000,3.58570000,0.00840391,1.43709707,-0.03753485,9.28460000,-0.42870000,-0.42870000,-2.52209959,0.73613518,0.70218041,0.89030000,0.00000000,0.00000000,-0.20228870,0.21257000,-0.08391696,0.26108000,-0.20803087,0.30557000,0.23819122,0.39588300,-0.00272830,0.00135400,-0.05021217,0.09409900,0.25567030,0.99519400,0.05555448,0.29348300,-0.00214148,0.00051300,-0.00281417,0.00171200,0.01489174,0.07127200,-0.01691501,0.00014480,0.00005383,0.00005383,-0.00272830,-0.00723926,0.00135400,0.00011400,0.00011400,,,,,,,,,,,,
DOW US Equity,12/31/2011,12/31/2014,0,59%,-0.09619717,0.00277704,0.02479174,0.14103500,0.00344500,0.00344500,-0.03298591,0.01345539,0.05273504,0.06660000,0.01169400,0.01169400,-0.06178196,0.01554787,0.03101991,0.04571100,0.00267300,0.00267300,-0.00613991,-0.00329973,-0.03142900,0.13300100,0.01844600,0.01844600,-0.00740130,0.02191020,0.06194498,0.07315300,0.01429200,0.01429200,-0.00259183,0.01627961,0.09000649,0.03514100,-0.01434600,-0.01434600,-0.02238274,0.01767531,0.03483931,0.22120700,0.04984000,0.04984000,0.01189461,0.01871975,0.03805156,0.16873200,0.03511000,0.03511000,-0.03915413,-0.06546827,0.00289864,0.11758000,-0.07727300,-0.07727300,0.15581304,-1.46032937,-0.01345486,0.18701300,-2.37780200,-2.37780200,31.78238948,-2.77293830,16.36742011,38.79000000,-2.23000000,-2.23000000,-0.00293704,0.55334118,0.26378862,0.16398700,-0.61315600,-0.61315600,-0.51765187,0.86800080,0.09706575,-0.12961800,-0.21201600,-0.21201600,0.52997866,0.10578532,-1.06482814,27.98110000,8.40870000,8.40870000,0.71108282,0.16815666,0.51393983,14.23850000,-0.73950000,-0.73950000,-0.06138837,1.80548194,-0.09944344,8.03010000,-2.36760000,-2.36760000,-1.48368589,1.56465354,1.91972416,0.89030000,0.00000000,0.00000000,0.00858217,0.38218000,-0.12072348,0.47581000,-0.19476870,0.43433000,0.18243674,0.35867500,0.00655283,0.00162300,-0.02888126,0.08731600,0.41100700,1.18155500,0.06668513,0.31203100,-0.00115704,0.00055200,-0.00210891,0.00179600,0.00496665,0.06432300,-0.00329313,0.00013901,0.00003052,0.00003052,0.00655283,0.00268439,0.00162300,-0.00021600,-0.00021600,,,,,,,,,,,,
