HAR US Equity,6/30/2000,6/30/2003,0,159%,0.35074417,0.32884761,0.33746550,0.27971000,0.01457700,0.01457700,4.65892333,1.72344706,0.25464753,0.07254300,0.02206300,0.02206300,4.51315650,4.27968577,-1.41850640,0.04340900,0.03559400,0.03559400,0.15710233,0.23000370,-0.00484858,0.15261700,0.12869500,0.12869500,0.05419773,0.05032395,0.04753651,0.11112300,0.03382000,0.03382000,0.15883450,-0.02931086,0.16170680,0.10301100,0.02270700,0.02270700,0.10628838,0.04317313,0.00933020,0.25504300,0.10051200,0.10051200,0.06576983,0.06924320,-0.04501862,0.15261700,0.03323800,0.03323800,-0.08212117,-0.01580717,0.01003961,0.11852500,0.12719500,0.12719500,4.81041508,5.37401148,5.37049986,5.21325600,5.97993000,5.97993000,0.30784817,1.18456753,1.65672437,1.90164000,0.59588000,0.59588000,0.48869015,0.57609382,0.50101435,0.30737400,0.43223400,0.43223400,2.05698900,-0.41126591,1.02177640,-0.56375900,-1.67654700,-1.67654700,-0.98052011,-0.12051864,-0.90833685,11.01640000,-0.81960000,-0.81960000,-2.22001504,-0.19030005,-0.58307085,6.90560000,-1.44750000,-1.44750000,-0.61698317,-0.05370639,0.43838209,7.04840000,-0.60530000,-0.60530000,-2.46429790,-0.15137936,0.22650711,0.48530000,0.08480000,0.08480000,-0.39507692,0.35825000,-0.13873538,0.42233000,-0.19529692,0.31603000,0.06690142,0.35694400,0.00344258,0.00684100,0.06684873,0.15754600,-0.60858083,0.57023500,-0.06840283,0.24380000,0.99243092,0.00386000,0.90552925,0.00685700,-13.61169786,0.06285300,-0.00231653,0.00882186,0.00121525,0.00121525,0.00344258,0.00228640,0.00684100,0.00272600,0.00272600,,,,,,,,,,,,
HAR US Equity,12/31/2000,12/31/2003,0,335%,0.29163017,-0.01089065,0.28568006,0.28054400,-0.00137400,-0.00137400,16.45601533,13.19622058,12.06833793,0.07495000,0.00789900,0.00789900,4.54311375,1.37518192,-1.35832465,0.04522200,0.00720300,0.00720300,0.13722267,-0.04040788,0.28195339,0.16890100,0.03744500,0.03744500,0.05028655,0.01692815,0.06328655,0.10593400,0.01804600,0.01804600,-0.18415408,-0.66927125,-0.16666808,-0.00210600,-0.16179300,-0.16179300,0.10407838,-0.07214478,0.06556430,0.27993100,0.04809300,0.04809300,0.12928333,-0.00959948,0.19283952,0.16890100,0.03744500,0.03744500,-0.57042100,-0.59016330,-0.52189350,0.06181600,-0.01894500,-0.01894500,1.37202608,-5.25119020,2.06726448,0.26298900,-7.09707100,-7.09707100,-1.00486117,-1.65706850,0.79104743,0.89033000,-1.37165000,-1.37165000,0.17787550,-0.23039275,0.38360777,0.14887800,-0.11518800,-0.11518800,-5.59213917,-7.67052217,-5.38271097,-5.82024000,-6.70374600,-6.70374600,0.51545316,1.50350709,1.66443604,26.85550000,19.84040000,19.84040000,-1.26362732,1.14918448,-0.47155777,17.97030000,12.27560000,12.27560000,-0.40401562,0.26321437,0.27354105,8.10070000,0.60780000,0.60780000,-2.89386503,-0.42235374,-0.12936236,0.35650000,0.04990000,0.04990000,-0.52096154,0.76765000,0.09119769,0.77430000,-0.11688385,0.49516000,0.07787367,0.48639800,-0.00310767,0.00198900,0.05567973,0.15172700,-0.21570892,0.98161000,-0.00991983,0.35622900,1.69067392,-0.00005600,1.57106842,0.00203100,-23.29368743,0.05240300,-0.00556104,0.00779190,0.00116205,0.00116205,-0.00310767,-0.00336783,0.00198900,-0.00489800,-0.00489800,,,,,,,,,,,,
HAR US Equity,6/30/2001,6/30/2004,1,378%,0.27906567,-0.07167850,0.25716911,0.26100900,-0.01870100,-0.01870100,1.10199267,-3.55693067,-1.83348361,0.04149500,-0.03104800,-0.03104800,0.67537567,-3.83778083,0.44190494,0.01885400,-0.02455500,-0.02455500,0.08294367,-0.07415867,0.15584503,0.07118600,-0.08143100,-0.08143100,0.01998255,-0.03421518,0.01610877,0.06520400,-0.04591900,-0.04591900,-0.07074142,-0.22957592,-0.25888678,-0.02795600,-0.13096700,-0.13096700,0.04356208,-0.06272631,-0.01955317,0.15667000,-0.09837300,-0.09837300,0.13327117,0.06750133,0.13674453,0.12793500,-0.02468200,-0.02468200,-0.96287162,-0.88075045,-0.89655762,0.02300900,-0.09551600,-0.09551600,-0.50942369,-5.31983878,0.05417271,-0.55567100,-5.76892700,-5.76892700,-1.51789208,-1.82574025,-0.64117272,0.53943000,-1.36221000,-1.36221000,-0.24924979,-0.73793994,-0.16184612,-0.25699600,-0.56437000,-0.56437000,0.35347325,-1.70351575,-2.11478166,0.31240500,0.87616400,0.87616400,0.35810879,1.33862891,1.21811026,26.85550000,15.83910000,15.83910000,-0.16663177,2.05338327,1.86308322,29.44090000,22.53530000,22.53530000,0.36311471,0.98009788,0.92639148,11.47250000,4.42410000,4.42410000,-6.13391630,-3.66961840,-3.82099776,0.43370000,-0.05160000,-0.05160000,-0.39966000,0.39191000,0.08159923,0.57415000,-0.00350769,0.59146000,0.01123908,0.46176800,-0.01077283,0.00138600,0.01227755,0.09147400,-0.56193600,0.87189300,-0.05934850,0.31724400,2.69888233,-0.00092600,2.48641650,0.00146300,0.00430379,0.07723500,-0.00600956,0.00482393,-0.00399793,-0.00399793,-0.01077283,-0.01421542,0.00138600,-0.00545500,-0.00545500,,,,,,,,,,,,
HAR US Equity,12/31/2002,12/31/2005,0,229%,0.07167892,-0.20839358,-0.21995125,0.28264800,0.02668600,0.02668600,0.21701792,-0.03428108,-16.23899742,0.06498200,0.03567200,0.03567200,0.25668658,-0.01172833,-4.28642717,0.03887600,0.02874600,0.02874600,0.39708442,0.28169425,0.25986175,0.15438300,0.11467800,0.11467800,0.02680627,0.03745055,-0.02348027,0.09821500,0.05615100,0.05615100,-0.03187800,-0.08135300,0.15227608,0.05284200,0.02431800,0.02431800,0.09230377,0.08904523,-0.01177462,0.25805300,0.14317300,0.14317300,0.17902400,0.03521342,0.04974067,0.15438300,0.04337100,0.04337100,0.02294408,16.41007354,0.59336508,0.14895500,0.12175000,0.12175000,4.29433615,4.38281469,2.92231008,3.40934200,4.17924200,4.17924200,0.08639317,1.30457583,1.09125433,2.38511000,1.05751000,1.05751000,0.67008193,0.86842836,0.49220643,0.80344200,1.19620300,1.19620300,-12.76077758,-12.89862975,-7.16863842,-11.74625900,-12.50938100,-12.50938100,0.00070111,-0.46379713,-0.51475206,27.13870000,-7.58070000,-7.58070000,-1.32928191,-0.36309395,-0.06565459,9.71170000,-4.25150000,-4.25150000,0.18022465,-0.37081033,0.58424027,10.70930000,-4.74720000,-4.74720000,-4.26000294,-1.04894943,-1.36613791,0.28160000,-0.20980000,-0.20980000,-0.49842615,0.21004000,-0.05514923,0.41130000,-0.03531769,0.41775000,-0.03176767,0.37072100,-0.01839725,0.00595100,0.01417700,0.13647100,-2.00088017,0.87947200,0.03008650,0.31793900,0.02211583,0.00203600,0.02200983,0.00478900,-0.15666443,0.04962500,-0.01136870,0.00600713,0.00416139,0.00416139,-0.01839725,-0.00588417,0.00595100,0.00267600,0.00267600,,,,,,,,,,,,
HAR US Equity,12/31/2003,12/31/2006,0,35%,0.09164458,0.01996567,-0.18842792,0.30091400,0.01826600,0.01826600,0.14825850,-0.06875942,-0.10304050,0.08219800,0.01721600,0.01721600,0.16741183,-0.08927475,-0.10100308,0.05240600,0.01353000,0.01353000,0.23900633,-0.15807808,0.12361617,0.19359000,0.03920700,0.03920700,0.04854591,0.02173964,0.05919018,0.12518500,0.02697000,0.02697000,-0.00928492,0.02259308,-0.05875992,0.04585300,-0.00698900,-0.00698900,-0.02591831,-0.11822208,-0.02917685,0.30364400,0.04559100,0.04559100,0.13876308,-0.04026092,-0.00504750,0.19359000,0.03920700,0.03920700,0.08625431,0.06331023,16.47338377,0.22691300,0.07795800,0.07795800,-0.64429892,-4.93863508,-0.55582038,0.65390200,-2.75544000,-2.75544000,1.60435567,1.51796250,2.82253833,3.45056000,1.06545000,1.06545000,0.28246429,-0.38761764,0.48081071,0.37570200,-0.42774000,-0.42774000,0.32099675,13.08177433,0.18314458,0.41768200,12.16394100,12.16394100,0.03687207,0.03617096,-0.42762617,22.61690000,-4.52180000,-4.52180000,-0.22880056,1.10048135,0.73738739,14.88090000,5.16920000,5.16920000,0.64878310,0.46855846,0.09774813,17.25640000,6.54710000,6.54710000,-2.61328566,1.64671729,0.59776786,0.59010000,0.30850000,0.30850000,-0.34782692,0.30155000,0.02059385,0.36921000,-0.04996385,0.32059000,-0.13007423,0.20842300,0.00562733,0.01315000,0.25362669,0.17527600,-3.00765046,0.62120300,-0.01100692,0.25906500,0.02791200,0.00467800,0.02710683,0.00722100,-0.16819129,0.04213500,-0.01864975,0.00279168,-0.00321545,-0.00321545,0.00562733,0.02402458,0.01315000,0.00719900,0.00719900,,,,,,,,,,,,
HAR US Equity,6/30/2004,6/30/2007,0,28%,0.11193183,0.03691650,0.04638317,0.32772800,0.03981400,0.03981400,0.10751417,-0.07360600,-0.11109758,0.09385100,0.01896100,0.01896100,0.11761975,-0.08564308,-0.13404608,0.05823000,0.01092100,0.01092100,0.24199275,0.05327283,-0.04995825,0.20627800,0.02795100,0.02795100,0.05836709,0.01903727,0.03904864,0.14127400,0.02680700,0.02680700,-0.04193625,-0.12363375,0.02764883,0.05765200,0.00684500,0.00684500,-0.13161223,-0.07464523,-0.19008738,0.33246400,0.05017000,0.05017000,0.12534342,-0.02809825,-0.02013442,0.21233500,0.03400800,0.03400800,0.04893646,0.01619254,0.65492823,0.21667100,-0.00364100,-0.00364100,0.14511631,-0.72700477,-0.52353408,0.49754300,-0.33557300,-0.33557300,1.67451617,0.75577967,2.17739633,4.82451000,2.32389000,2.32389000,0.23313393,-0.06025457,-0.06705636,0.41128400,0.00239300,0.00239300,-0.08480200,-0.47368350,-0.11114483,0.14197500,-0.50955100,-0.50955100,-0.02448358,0.16724177,0.00330306,17.93540000,-6.94590000,-6.94590000,0.01447847,0.05582806,1.26267348,12.50160000,0.76090000,0.76090000,0.34590707,0.03076979,0.18752995,16.73080000,5.23720000,5.23720000,-1.57755603,1.17681926,1.36925322,0.69760000,-0.02770000,-0.02770000,-0.15136643,0.18813000,0.03302357,0.33114000,-0.01175385,0.32000000,-0.26694950,0.01355800,0.25081008,0.27830800,0.13456531,0.20954200,-3.38697564,0.45134500,-0.03675493,0.19857400,0.02449883,0.00878000,0.02505333,0.01221600,-0.15769560,0.03832300,-0.01483085,0.00270927,-0.00175072,-0.00175072,0.25081008,0.25663800,0.27830800,0.27135800,0.27135800,,,,,,,,,,,,
HAR US Equity,12/31/2004,12/31/2007,0,-42%,0.11469921,0.02305463,0.04302030,0.34046700,0.03955300,0.03955300,0.08575636,-0.06250214,-0.13126156,0.10911300,0.02691500,0.02691500,0.08058200,-0.08682983,-0.17610458,0.06742900,0.01502300,0.01502300,0.26192662,0.02292028,-0.13515780,0.21146700,0.01787700,0.01787700,0.08144515,0.03289924,0.05463888,0.16007700,0.03489200,0.03489200,-0.02587836,-0.01659344,0.00599964,0.03638200,-0.00947100,-0.00947100,0.08495321,0.11087152,-0.00735055,0.34219400,0.03855000,0.03855000,0.14007777,0.00131469,-0.03894623,0.21845900,0.02486900,0.02486900,0.06003985,-0.02621446,0.03709577,0.17678500,-0.05012800,-0.05012800,0.10780769,0.75210662,-4.18652846,0.51413700,-0.13976500,-0.13976500,1.51793200,-0.08642367,1.43153883,4.70561000,1.25505000,1.25505000,0.28126464,-0.00119964,-0.38881729,0.45424100,0.07853900,0.07853900,-0.44678169,-0.76777844,12.31399589,-0.18537700,-0.60305900,-0.60305900,0.04039139,0.00351932,0.03969028,26.91230000,4.29540000,4.29540000,-1.90646977,-1.67766920,-0.57718786,18.36750000,3.48660000,3.48660000,-0.20451697,-0.85330008,-0.38474162,19.97380000,2.71740000,2.71740000,-3.05184234,-0.43855668,1.20816061,0.78970000,0.19960000,0.19960000,-0.15917929,0.21357000,-0.03359667,0.30797000,0.01077786,0.31889000,-0.18844243,0.02808100,0.10683336,0.11703100,0.18584669,0.23735000,-6.63614486,0.31412400,-0.05873700,0.15883500,0.01065250,0.00920900,0.01144964,0.01384600,-0.16308807,0.03360100,-0.04248366,0.00213047,-0.00066120,-0.00066120,0.10683336,0.10120602,0.11703100,0.10388100,0.10388100,,,,,,,,,,,,
HAR US Equity,6/30/2005,6/30/2008,0,-49%,0.11296657,0.00103474,0.03795124,0.34039600,0.01266800,0.01266800,0.08786179,-0.01965238,-0.09325838,0.11580100,0.02195000,0.02195000,0.09495136,-0.02266839,-0.10831148,0.07682500,0.01859500,0.01859500,0.26129421,0.01930146,0.07257430,0.24055200,0.03427400,0.03427400,0.08170579,0.02333869,0.04237597,0.17009800,0.02882400,0.02882400,0.00235429,0.04429054,-0.07934321,0.04536100,-0.01229100,-0.01229100,0.06933693,0.20094916,0.12630393,0.36259400,0.03013000,0.03013000,0.14512379,0.01978037,-0.00831788,0.24244900,0.03011400,0.03011400,0.05756423,0.00862777,0.02482031,0.11784200,-0.09882900,-0.09882900,0.04371362,-0.10140269,-0.82840746,0.47481400,-0.02272900,-0.02272900,1.15629150,-0.51822467,0.23755500,4.19744000,-0.62707000,-0.62707000,0.21565693,-0.01747700,-0.07773157,0.30277400,-0.10851000,-0.10851000,-0.39577779,-0.31097579,-0.78465929,-0.08912100,-0.23109600,-0.23109600,-0.50879814,-0.48431456,-0.31707278,22.24890000,4.31350000,4.31350000,-2.28349533,-2.29797380,-2.24214574,13.02310000,0.52150000,0.52150000,-0.59790251,-0.94380958,-0.91303979,11.63930000,-5.09150000,-5.09150000,-1.43524064,0.14231539,1.31913466,0.63220000,-0.06540000,-0.06540000,-0.05289571,0.27143000,0.15823267,0.47106000,0.04887467,0.38182000,-0.20916879,0.03061400,0.08950871,0.09750800,0.18663129,0.26342200,-9.82501393,0.31473500,-0.07487379,0.15266800,0.01603643,0.00736800,0.01754864,0.01257000,-0.15706388,0.02885700,-0.03270458,0.00342331,0.00071404,0.00071404,0.08950871,-0.16130137,0.09750800,-0.18080000,-0.18080000,,,,,,,,,,,,
HAR US Equity,12/31/2005,12/31/2008,0,-83%,0.11823893,0.00353971,0.02659435,0.35179000,0.01132300,0.01132300,0.07716171,-0.00859464,-0.07109679,0.12224700,0.01313400,0.01313400,0.05225693,-0.02832507,-0.11515490,0.08293900,0.01551000,0.01551000,-0.15875960,-0.42068622,-0.39776593,0.24213500,0.03066800,0.03066800,0.07349043,-0.00795473,0.02494452,0.17829900,0.01822200,0.01822200,0.03519214,0.06107050,0.04447706,0.05056300,0.01418100,0.01418100,-0.92729593,-1.01224915,-0.90137763,0.35689200,0.01469800,0.01469800,-0.15951340,-0.29959117,-0.29827648,0.24213500,0.02367600,0.02367600,0.00827473,-0.05176511,-0.07797957,0.08100100,-0.09578400,-0.09578400,-1.47878573,-1.58659343,-0.83448681,0.32964600,-0.18449100,-0.18449100,2.10071986,0.58278786,0.49636419,4.59555000,-0.11006000,-0.11006000,0.04964581,-0.23161883,-0.23281847,0.16741200,-0.28682900,-0.28682900,1.64035027,2.08713196,1.31935352,1.02653500,1.21191200,1.21191200,-0.65147394,-0.69186533,-0.68834601,20.06640000,-6.84590000,-6.84590000,-2.10503926,-0.19856949,-1.87623870,13.99010000,-4.37740000,-4.37740000,-0.24727508,-0.04275810,-0.89605818,12.72710000,-7.24670000,-7.24670000,-1.62876757,1.42307477,0.98451809,0.54170000,-0.24800000,-0.24800000,-0.19513857,0.13795000,-0.08779400,0.25424000,0.08644133,0.42536000,-0.22858771,0.00551800,0.51847629,0.56115000,0.17880740,0.26499000,-6.29270821,0.37709400,-0.04744693,0.17648000,0.01756993,0.00806000,0.01766750,0.01141400,-0.15070550,0.03487200,-0.03302164,0.00303144,0.00090097,0.00090097,0.51847629,0.41164293,0.56115000,0.44411900,0.44411900,,,,,,,,,,,,
HAR US Equity,6/30/2006,6/30/2009,0,-78%,0.11355300,0.00058643,0.00162117,0.35486700,0.01447100,0.01447100,0.07119079,-0.01667100,-0.03632338,0.12230700,0.00650600,0.00650600,0.03817386,-0.05677750,-0.07944589,0.07860300,0.00177800,0.00177800,0.01803593,-0.24325828,-0.22395682,0.22305200,-0.01750000,-0.01750000,0.08056743,-0.00113836,0.02220034,0.18040000,0.01030200,0.01030200,0.00242850,0.00007421,0.04436475,0.04775300,0.00239200,0.00239200,-0.34208993,-0.41142687,-0.21047770,0.34707000,-0.01552400,-0.01552400,0.03373180,-0.11139199,-0.09161162,0.22305200,-0.01939700,-0.01939700,-0.01279800,-0.07036223,-0.06173446,0.07159900,-0.04624300,-0.04624300,-0.92593820,-0.96965182,-1.07105451,0.09640200,-0.37841200,-0.37841200,1.09815943,-0.05813207,-0.57635674,3.99874000,-0.19870000,-0.19870000,-0.04751263,-0.26316955,-0.28064655,0.12252600,-0.18024800,-0.18024800,-0.91428153,-0.51850375,-0.82947953,-0.14863800,-0.05951700,-0.05951700,-2.19471685,-1.68591871,-2.17023327,20.88560000,-1.36330000,-1.36330000,0.08509551,2.36859084,0.07061704,13.87550000,0.85240000,0.85240000,-0.30649171,0.29141080,-0.65239878,10.52460000,-1.11470000,-1.11470000,-0.57754775,0.85769289,1.00000828,1.88650000,1.25430000,1.25430000,-0.14619643,0.30786000,-0.00385200,0.35749000,0.02815267,0.37335000,-0.29167735,-0.06594900,-0.04319207,-0.04209500,0.20984456,0.28140200,-2.29133582,0.16085300,-0.13678094,0.08389900,0.01594529,0.01363300,0.01910121,0.02024100,-0.13482069,0.04902200,-0.09486936,0.00327743,-0.00014587,-0.00014587,-0.04319207,-0.13270079,-0.04209500,-0.13960300,-0.13960300,,,,,,,,,,,,
HAR US Equity,6/30/2007,6/30/2010,0,-74%,0.12339318,0.00984018,0.01042661,0.34107500,-0.01379200,-0.01379200,0.05538347,-0.01580732,-0.03247832,0.10880600,-0.01350100,-0.01350100,0.07238382,0.03420997,-0.02256753,0.08841200,0.00980900,0.00980900,0.22198671,0.20395077,-0.03930751,0.23066800,0.00761600,0.00761600,0.16326200,0.08269457,0.08155621,0.20122000,0.02082000,0.02082000,0.00177019,-0.00065831,-0.00058410,0.01262200,-0.03513100,-0.03513100,0.06401241,0.40610235,-0.00532452,0.28387800,-0.06319200,-0.06319200,0.11601088,0.08227908,-0.02911290,0.23066800,0.00761600,0.00761600,-0.03622893,-0.02343093,-0.09379316,0.09336700,0.02176800,0.02176800,0.13294727,1.05888547,0.08923365,0.22980500,0.13340300,0.13340300,0.73421612,-0.36394331,-0.42207538,2.58932000,-1.40942000,-1.40942000,-0.10580706,-0.05829444,-0.32146399,-0.08252100,-0.20504700,-0.20504700,-1.14065581,-0.22637428,-0.74487803,-0.16418500,-0.01554700,-0.01554700,0.75479057,2.94950742,1.26358871,79.01930000,58.13370000,58.13370000,1.10522924,1.02013373,3.38872457,29.31720000,15.44170000,15.44170000,0.02282387,0.32931558,0.62072638,15.69440000,5.16980000,5.16980000,-0.29690043,0.28064732,1.13834021,2.89460000,1.00810000,1.00810000,-0.23284813,0.06792000,0.09403529,0.38563000,0.03187733,0.32964000,-0.38912971,-0.01884400,-0.07030541,-0.08661000,0.19763982,0.25760200,-1.31195006,0.05122200,-0.18259788,0.03050300,0.02609694,0.01256800,0.04120253,0.03383500,-0.12740678,0.07005200,-0.06885100,0.00295738,-0.00032006,-0.00032006,-0.07030541,-0.02711334,-0.08661000,-0.04451500,-0.04451500,,,,,,,,,,,,
HAR US Equity,12/31/2008,12/31/2011,0,127%,0.08195894,0.00199453,-0.04920371,0.25838800,-0.04897900,-0.04897900,-0.07068924,-0.08214376,-0.14382100,-0.07102400,-0.14979300,-0.14979300,-0.02730394,-0.07397029,-0.09831665,-0.07242000,-0.13951000,-0.13951000,-0.05587806,-0.20685359,-0.28186699,-0.24920200,-0.44841500,-0.44841500,0.12942476,-0.00453504,-0.01029695,0.16383200,0.00000000,0.00000000,1.32034406,1.33926818,1.31920346,0.18900100,0.17745600,0.17745600,-0.33285047,-0.32353718,-0.32292054,-0.24439800,-0.47828900,-0.47828900,0.00466229,-0.09502165,-0.14004331,0.05573500,-0.14971700,-0.14971700,-0.01762822,-0.00564956,0.00308078,-0.02140000,-0.13509400,-0.13509400,6.80599061,6.74176438,6.86631261,-0.68611400,-0.64332800,-0.64332800,2.22462106,2.45950288,2.22427382,3.03778000,0.66784000,0.66784000,0.25560168,0.62670074,0.27241468,-0.25692100,-0.02170500,-0.02170500,1.04153600,3.76284494,1.73261420,0.99078200,0.55024500,0.55024500,-0.85596884,-1.28039061,-1.16440009,5.34170000,-79.99350000,-79.99350000,-2.02292953,-2.75831505,-3.07496305,4.09490000,-16.51260000,-16.51260000,-0.85806510,-0.35215143,-0.67893527,6.70050000,-5.28340000,-5.28340000,-1.05558434,-0.40152920,-0.82314134,2.96300000,-1.75890000,-1.75890000,-0.13811000,0.95412000,-0.32213842,1.14787000,-0.03355053,0.85743000,-0.09231800,0.19172800,0.01082188,0.01144200,-0.14867228,-0.16582000,-1.51719435,0.48030400,-0.05232894,0.20118100,0.10715782,0.00416700,0.09512294,0.00682800,-0.14020822,0.04143600,-0.09604291,0.01340899,0.00926352,0.00926352,0.01082188,0.01179365,0.01144200,0.00588000,0.00588000,,,,,,,,,,,,
HAR US Equity,6/30/2009,6/30/2012,0,111%,0.06168112,-0.00131418,-0.06171206,0.23183700,-0.03792700,-0.03792700,-0.14952824,-0.15271229,-0.20491171,-0.17690700,-0.22203800,-0.22203800,-0.07038200,-0.09293706,-0.14276582,-0.14965700,-0.17586600,-0.17586600,-0.07958761,-0.18150832,-0.30157432,-0.36771000,-0.44377900,-0.44377900,-0.19991978,-0.26162324,-0.36318178,-0.23555400,-0.39938600,-0.39938600,0.15506676,-0.04868565,0.15329658,-0.00358400,-0.07702300,-0.07702300,-0.38254006,-0.39790794,-0.44655247,-0.43466600,-0.56565300,-0.56565300,-0.00427272,-0.04558190,-0.12028360,-0.05719000,-0.15084700,-0.15084700,-0.16451172,-0.23214644,-0.12828279,-0.29889500,-0.45697300,-0.45697300,0.47827028,1.31288863,0.34532301,-0.68611400,-0.02942200,-0.02942200,-0.46356059,-1.44759171,-1.19777671,0.74451000,-2.42358000,-2.42358000,0.14543684,0.28268432,0.25124390,-0.25692100,0.04439600,0.04439600,0.78923975,0.84511125,1.92989556,0.99078200,0.55024500,0.55024500,0.38819594,0.45575318,-0.36659463,21.13680000,7.95340000,7.95340000,0.54512351,0.72011394,-0.56010573,17.39560000,9.10370000,9.10370000,-0.99679690,0.02366341,-1.01962077,6.70050000,-1.07280000,-1.07280000,-2.00411860,-0.48809980,-1.70721817,3.01610000,-1.60970000,-1.60970000,-0.37482882,0.52631000,-0.14613421,0.80565000,-0.25450263,0.84943000,-0.32298678,-0.00571700,-0.07792006,-0.07971300,-0.26236778,-0.30424600,-1.74713028,0.57320800,-0.04009694,0.23339300,0.07150835,-0.00008100,0.05682571,0.00129000,-0.14306956,0.05710000,-0.05422192,-0.02149860,-0.02865318,-0.02865318,-0.07792006,-0.09315494,-0.07971300,-0.09503000,-0.09503000,,,,,,,,,,,,
HAR US Equity,12/31/2009,12/31/2012,0,27%,0.02921917,-0.05273977,-0.05074525,0.23630200,-0.02208600,-0.02208600,-0.06825028,0.00243896,-0.07970481,-0.04867200,0.02235200,0.02235200,-0.02906922,-0.00176528,-0.07573558,-0.04318200,0.02923800,0.02923800,0.01111906,0.06699711,-0.13985647,-0.12844800,0.12075400,0.12075400,-0.05344239,-0.18286715,-0.18740219,-0.05792000,-0.22175200,-0.22175200,-0.37552994,-1.69587400,-0.35660582,0.03033200,-0.15866900,-0.15866900,-0.19627889,0.13657158,-0.18696559,-0.14477900,0.09961900,0.09961900,-0.06508383,-0.06974613,-0.16476777,-0.06383400,-0.11956900,-0.11956900,-0.12258894,-0.10496072,-0.11061028,-0.21209800,-0.19069800,-0.19069800,0.15796939,-6.64802122,0.09374315,0.53019900,1.21631300,1.21631300,-1.65109583,-3.87571689,-1.41621401,1.23252000,-1.80526000,-1.80526000,0.84444589,0.58884421,1.21554495,0.95450300,1.21142400,1.21142400,-1.33972175,-2.38125775,1.38158719,0.99078200,0.00000000,0.00000000,0.45990064,1.31586948,0.03547886,32.33630000,26.99460000,26.99460000,-0.13167459,1.89125494,-0.86706011,19.46680000,15.37190000,15.37190000,-0.88143924,-0.02337413,-0.37552556,6.70050000,0.00000000,0.00000000,-2.61488122,-1.55929688,-1.96082607,1.95880000,-1.00420000,-1.00420000,-0.24522941,0.18717000,-0.07303526,0.41699000,-0.18204789,0.69821000,-0.24532494,-0.03080600,-0.02368572,-0.02444700,-0.08189078,-0.09529700,-1.38527250,0.55370000,0.00020250,0.22428400,0.01220739,0.00128200,-0.08810944,0.00212600,-0.12700628,0.07246400,-0.03822932,-0.00298495,-0.01639394,-0.01639394,-0.02368572,-0.03450760,-0.02444700,-0.03588900,-0.03588900,,,,,,,,,,,,
HAR US Equity,6/30/2010,6/30/2013,0,82%,0.02731550,-0.03436562,-0.03567979,0.26309300,0.03125600,0.03125600,-0.03737611,0.11215212,-0.04056017,0.02542900,0.20233600,0.20233600,0.02228333,0.09266533,-0.00027173,0.04719000,0.19684700,0.19684700,0.16750456,0.24709217,0.06558385,0.14824200,0.51595200,0.51595200,-0.02516167,0.17475811,-0.08686513,0.04955600,0.28511000,0.28511000,-0.33843261,-0.49349938,-0.54218502,0.08043700,0.08402100,0.08402100,-0.14650506,0.23603500,-0.16187294,0.07988200,0.51454800,0.51454800,-0.03575139,-0.03147867,-0.07706057,0.05507000,0.11226000,0.11226000,-0.00531644,0.15919528,-0.07295117,0.16686900,0.46576400,0.46576400,-0.14563761,-0.62390789,0.68898074,0.88152400,1.56763800,1.56763800,-1.29371500,-0.83015441,-2.27774612,2.27319000,1.52868000,1.52868000,-0.05098437,-0.19642121,0.08626311,0.95450300,1.21142400,1.21142400,0.73826356,-0.05097619,0.79413506,0.99078200,0.00000000,0.00000000,0.25551866,-0.13267728,0.32307589,12.68710000,-8.44970000,-8.44970000,-0.21833333,-0.76345684,-0.04334289,7.96470000,-9.43090000,-9.43090000,-1.55947951,-0.56268261,-0.53901920,8.52250000,1.82200000,1.82200000,-2.98777302,-0.98365441,-1.47175421,1.16680000,-1.84930000,-1.84930000,-0.10498471,0.40554000,0.17921368,0.74400000,0.02609000,0.58540000,-0.36316117,-0.17698700,-0.00697339,-0.00849100,-0.01198939,0.05523300,-1.50278472,0.33292800,-0.06530233,0.14781100,-0.05229644,0.00442400,-0.17876633,0.00601600,-0.12838444,0.07074800,-0.06862707,0.00292529,0.02442389,0.02442389,-0.00697339,0.07094667,-0.00849100,0.07122200,0.07122200,,,,,,,,,,,,
HAR US Equity,12/31/2010,12/31/2013,0,77%,0.02687394,-0.00234522,-0.05508500,0.26850700,0.03220500,0.03220500,-0.02706889,0.04118139,0.04362035,0.04682300,0.09549500,0.09549500,0.03402250,0.06309172,0.06132644,0.06682000,0.11000200,0.11000200,0.20437622,0.19325717,0.26025428,0.20013400,0.32858200,0.32858200,0.01780667,0.07124906,-0.11161810,0.09204300,0.14996300,0.14996300,-0.31620144,0.05932850,-1.63654550,0.05359300,0.02326100,0.02326100,-0.09262317,0.10365572,0.24022730,0.14024100,0.28502000,0.28502000,-0.00917633,0.05590750,-0.01383863,0.10469700,0.16853100,0.16853100,-0.06203989,0.06054905,-0.04441167,0.18597400,0.39807200,0.39807200,-2.06461858,-2.22258797,-8.87060919,0.88152400,0.35132500,0.35132500,-0.06120217,1.58989367,-2.28582323,2.56158000,1.32906000,1.32906000,-0.03310305,-0.87754895,-0.28870474,0.95450300,0.00000000,0.00000000,-0.90592663,0.43379513,-1.94746263,-0.13459100,-1.12537300,-1.12537300,0.39203516,-0.06786548,1.24800399,18.95300000,-13.38330000,-13.38330000,0.25159654,0.38327113,2.27452607,11.19260000,-8.27420000,-8.27420000,-1.88390289,-1.00246366,-1.02583779,10.22210000,3.52160000,3.52160000,-3.02964522,-0.41476400,-1.97406088,0.90710000,-1.05170000,-1.05170000,-0.06786059,0.17007000,0.05578316,0.38180000,0.07907632,0.51871000,-0.32719779,-0.21721000,-0.00747661,-0.00714600,-0.00591517,0.09946900,-14.63085868,0.29201400,-0.05576563,0.13718300,-0.05180289,0.00463500,-0.19886667,0.00686800,-0.13754433,0.06471300,-0.06644607,0.00355862,0.00654357,0.00654357,-0.00747661,0.01620911,-0.00714600,0.01730100,0.01730100,,,,,,,,,,,,
HAR US Equity,6/30/2011,6/30/2014,0,136%,0.02547574,-0.00183976,-0.03620538,0.26173400,-0.00135900,-0.00135900,-0.02476747,0.01260864,0.12476076,0.05038000,0.02495100,0.02495100,0.00167179,-0.02061154,0.07205379,0.03603000,-0.01116000,-0.01116000,0.10869106,-0.05881350,0.18827867,0.10624500,-0.04199700,-0.04199700,0.02530550,0.05046717,0.22522528,0.10239900,0.05284300,0.05284300,-0.26738383,0.07104878,-0.42245060,0.07011100,-0.01032600,-0.01032600,-0.09603806,0.05046700,0.28650200,0.14856100,0.06867900,0.06867900,-0.02718539,0.00856600,-0.02291267,0.10834600,0.05327600,0.05327600,-0.09756384,-0.09224740,0.06694788,0.12124400,-0.04562500,-0.04562500,-0.66812800,-0.52249039,-1.14639828,-0.14393900,-1.02546300,-1.02546300,0.60472058,1.89843558,1.06828117,3.31750000,1.04431000,1.04431000,0.10057121,0.15155558,-0.04486563,0.47484700,-0.47965600,-0.47965600,0.65714839,-0.08111517,-0.13209136,0.68723800,-0.30354400,-0.30354400,-0.44571975,-0.70123840,-0.83391569,14.52420000,1.83710000,1.83710000,0.02911644,0.24744977,-0.51600707,7.97480000,0.01010000,0.01010000,-0.08649707,1.47298244,0.91029983,8.44400000,-0.07850000,-0.07850000,-3.14091418,-0.15314116,-1.13679558,0.47950000,-0.68730000,-0.68730000,-0.07502500,0.20737000,-0.05944737,0.28200000,0.01283526,0.39095000,-0.44451084,-0.29965200,-0.00757942,-0.00607100,-0.01443489,0.11459400,-1.17707921,0.26732000,-0.06935547,0.12443100,-0.39873247,0.00587000,-0.56852021,0.00871700,-0.11491578,0.08552100,-0.04357054,0.00469895,0.00177366,0.00177366,-0.00757942,-0.00060603,-0.00607100,0.00242000,0.00242000,,,,,,,,,,,,
HAR US Equity,12/31/2011,12/31/2014,0,181%,0.02813584,0.00126190,-0.00108332,0.26154300,-0.00696400,-0.00696400,-0.01540447,0.01166442,0.05284580,0.05991000,0.01308700,0.01308700,-0.00102663,-0.03504913,0.02804259,0.03923500,-0.02758500,-0.02758500,-0.11401900,-0.31839522,-0.12513806,0.11877100,-0.08136300,-0.08136300,-0.00013237,-0.01793904,0.05331002,0.11474800,0.02270500,0.02270500,0.01571358,0.33191502,0.39124352,0.05064800,-0.00294500,-0.00294500,-0.55483958,-0.46221641,-0.35856069,0.18135700,0.04111600,0.04111600,-0.21953900,-0.21036267,-0.15445517,0.12093400,0.01623700,0.01623700,-0.08817947,-0.02613958,0.03440947,0.19426700,0.00829300,0.00829300,-1.92381995,0.14079863,-2.08178934,-0.29875400,-1.18027800,-1.18027800,-0.63445874,-0.57325657,1.01663710,2.61934000,0.05776000,0.05776000,0.02268916,0.05579221,-0.82175674,0.33312400,-0.62137900,-0.62137900,-0.67075411,0.23517252,0.66896764,0.01570600,0.15029700,0.15029700,0.19744631,-0.19458885,-0.26245433,20.06540000,1.11240000,1.11240000,0.22262001,-0.02897653,0.35429460,8.73630000,-2.45630000,-2.45630000,-0.33302325,1.55087964,0.54841599,6.12000000,-4.10210000,-4.10210000,-2.45575510,0.57389012,0.15912612,0.33680000,-0.57030000,-0.57030000,-0.04949789,0.30940000,0.14854053,0.64828000,0.06078579,0.51812000,-0.41691184,-0.20536000,-0.00867953,-0.00650200,-0.00742784,0.14203400,-2.38880563,0.26367300,-0.08981079,0.12548700,-2.48389268,0.00349000,-2.98244095,0.00676200,-0.11523084,0.07645300,-0.03976486,0.00475136,0.00119273,0.00119273,-0.00867953,-0.00120292,-0.00650200,0.00064400,0.00064400,,,,,,,,,,,,
