NKE US Equity,6/30/2000,6/30/2003,0,34%,0.06806640,0.02188595,0.02548833,0.39925100,0.02515500,0.02515500,0.07990588,-0.00971967,0.02795135,0.10949300,0.01187300,0.01187300,0.07455936,-0.01540439,0.03335707,0.06437900,0.01294900,0.01294900,0.15195608,-0.01945034,0.03591026,0.17899400,0.04212700,0.04212700,-0.00826944,-0.02510209,-0.01966990,0.14807100,0.01964100,0.01964100,-0.09659492,-0.21046577,-0.38549905,0.05336400,0.01982800,0.01982800,0.13594484,-0.02578281,-0.04353271,0.30442300,0.04463700,0.04463700,0.11724642,-0.03224316,0.02035512,0.17845100,0.02815200,0.02815200,-0.18084115,0.01700561,-0.17841434,0.02486100,0.10611200,0.10611200,-0.81165821,-1.12398586,-0.35740546,0.28289800,0.15326800,0.15326800,12.23274188,3.34389683,7.50104607,13.05400000,3.44400000,3.44400000,-0.69695900,-0.27648256,-0.10985736,0.16424100,0.17490400,0.17490400,8.93003486,8.52653523,7.68436973,0.27214400,0.16211300,0.16211300,-0.50811047,-0.62046634,-4.21459487,17.66870000,-13.62770000,-13.62770000,-1.87281633,-0.64007010,-1.01579794,9.77210000,-8.76180000,-8.76180000,-0.25795160,-0.45716933,0.10350403,10.09290000,-6.31370000,-6.31370000,-3.57764839,0.03571902,-0.28574323,0.15940000,0.05030000,0.05030000,-0.25288800,0.45559000,-0.34016333,0.48430000,-0.17542120,0.58064000,0.08986735,0.25984000,0.00902750,0.00928200,0.08456412,0.22584300,-0.14547031,0.46065100,0.03120935,0.24664900,-0.01457500,0.00427200,-0.02344841,0.00903600,-0.03524577,0.03998600,-0.13087208,0.00125124,0.00046348,0.00046348,0.00902750,-0.01294925,0.00928200,-0.00428200,-0.00428200,,,,,,,,,,,,
NKE US Equity,12/31/2000,12/31/2003,0,26%,0.07735928,0.01976236,0.02929787,0.40369200,0.01737600,0.01737600,0.08949732,0.00879420,-0.06197136,0.10925900,0.00247500,0.00247500,0.09572700,0.02663567,-0.03433774,0.06483500,0.00582100,0.00582100,0.18343308,0.03196561,0.08024192,0.18312800,0.01984800,0.01984800,0.02161553,0.01278941,0.04181906,0.14606900,0.00075100,0.00075100,0.12411400,0.21222872,-0.32556675,0.04794700,0.02429400,0.02429400,0.15608240,0.00874769,0.05533813,0.30860600,0.01315600,0.01315600,0.15053571,0.03599527,0.06935876,0.18265000,0.01216900,0.01216900,-0.10813388,0.22954497,0.02738806,0.03921600,0.04252700,0.04252700,-0.22557691,-2.97318344,0.24242340,0.14171700,-1.06892400,-1.06892400,9.70773015,1.68644175,1.26424640,10.32000000,1.62600000,1.62600000,0.07702296,1.44676191,0.94403875,0.10510100,-0.25901500,-0.25901500,11.23846743,12.55479086,4.13580612,-0.69671000,-0.58018100,-0.58018100,0.53808066,-0.35663725,1.74082500,27.47010000,-18.63100000,-18.63100000,-1.65338202,-0.24627111,-0.08108446,12.16990000,-3.39840000,-3.39840000,-0.22269654,0.01047148,-0.07268111,9.71110000,-1.85430000,-1.85430000,-3.75756598,-0.10805179,-0.08434836,0.15030000,0.05590000,0.05590000,-0.61219154,0.44147000,-0.42408360,0.47146000,-0.19774680,0.59114000,0.08332162,0.22457900,-0.00024104,0.00783200,0.10328984,0.22391500,-0.07881150,0.41490100,0.05270212,0.24067500,-0.00394214,0.00396300,-0.01927000,0.00742200,-0.03479207,0.04867000,-0.15398323,0.00133118,0.00016646,0.00016646,-0.00024104,-0.00892024,0.00783200,-0.00092500,-0.00092500,,,,,,,,,,,,
NKE US Equity,6/30/2001,6/30/2004,0,80%,0.06329372,-0.00477268,0.01711327,0.39034400,-0.00890700,-0.00890700,0.07125508,-0.00865080,-0.01837047,0.10688400,-0.00260900,-0.00260900,0.06837464,-0.00618472,-0.02158911,0.06214700,-0.00223200,-0.00223200,0.15164220,-0.00031388,-0.01976422,0.17787500,-0.00111900,-0.00111900,0.02993095,0.03820040,0.01309831,0.14145800,-0.00661300,-0.00661300,0.07074165,0.16733658,-0.04312920,0.03062600,-0.02273800,-0.02273800,0.13259965,-0.00334519,-0.02912800,0.30592000,0.00149700,0.00149700,0.11186668,-0.00537974,-0.03762290,0.17784500,-0.00060600,-0.00060600,-0.05900020,0.12184095,0.13884656,0.05488500,0.03002400,0.03002400,-0.03135438,0.78030384,-0.34368202,0.01830400,-0.26459400,-0.26459400,6.08364215,-6.14909973,-2.80520290,6.56500000,-6.48900000,-6.48900000,0.04862554,0.74558454,0.46910198,-0.04138000,-0.20562100,-0.20562100,19.45262788,10.52259302,19.04912825,-0.17202000,-0.44416400,-0.44416400,0.57520853,1.08331901,0.46285266,33.36710000,15.69840000,15.69840000,-0.63840117,1.23441516,0.59434506,18.36810000,8.59600000,8.59600000,0.22100572,0.47895732,0.02178799,9.95270000,-0.14020000,-0.14020000,-6.91699273,-3.33934434,-3.30362532,0.19820000,0.03880000,0.03880000,-0.26705231,0.40492000,-0.34113360,0.34707000,-0.25843200,0.50695000,0.07530315,0.20716300,-0.01150481,0.00530700,0.09823200,0.21642500,-0.11069223,0.37104000,0.03988604,0.22279900,-0.05638214,0.00261400,-0.07274614,0.00506300,-0.03710363,0.04282800,-0.63972742,0.00135195,0.00010071,0.00010071,-0.01150481,-0.02053231,0.00530700,-0.00397500,-0.00397500,,,,,,,,,,,,
NKE US Equity,12/31/2002,12/31/2005,0,95%,0.06739072,0.00330168,-0.00996856,0.40290600,0.01876000,0.01876000,0.04043324,-0.02011092,-0.04906408,0.10903600,0.00492200,0.00492200,-0.01132396,-0.04869688,-0.10705096,0.04270700,-0.01858100,-0.01858100,0.00889036,-0.09218324,-0.17454272,0.11607400,-0.04919100,-0.04919100,0.06592170,0.00981856,0.04430617,0.15306000,0.01764800,0.01764800,-0.08713977,-0.05121265,-0.21125377,0.06551900,0.02887800,0.02887800,0.11795785,-0.03416773,-0.03812455,0.29634700,0.01559800,0.01559800,0.03984512,-0.04664908,-0.11069059,0.18660900,0.01996800,0.01996800,-0.07977164,-0.05552312,0.02836224,0.06763900,0.03158600,0.03158600,-3.84994280,-3.18781512,-3.62436589,-0.25603100,-0.23539900,-0.23539900,9.37113215,1.94677619,-0.33659800,10.24300000,2.16600000,2.16600000,-0.23040022,-0.22270952,-0.30742318,0.11313700,0.17615400,0.17615400,-0.10705288,-18.51202024,-11.34552032,0.13007200,-1.68481400,-1.68481400,-0.57549000,-0.86068176,-1.11357066,15.25290000,-13.76730000,-13.76730000,-1.11831512,-0.43506053,0.53506690,11.99270000,-6.53670000,-6.53670000,0.01812253,-0.30857127,0.24081907,9.10670000,-3.24370000,-3.24370000,-4.32076074,-0.08690215,-0.56319476,0.26500000,0.08830000,0.08830000,0.10835423,0.51300000,-0.23634500,0.40075000,-0.24516519,0.35434000,0.05076481,0.09253600,0.02610062,0.02029400,0.10055746,0.22895500,-0.17880181,0.26429000,-0.01839585,0.15922700,-0.70163489,0.00778000,-0.83746593,0.01027100,-0.06203341,0.03296900,0.14884995,0.00141223,0.00034655,0.00034655,0.02610062,0.05416165,0.02029400,0.01140500,0.01140500,,,,,,,,,,,,
NKE US Equity,12/31/2003,12/31/2006,0,45%,0.07683376,0.00944304,0.01274472,0.41939000,0.01648400,0.01648400,0.06283988,0.02240664,0.00229572,0.12071500,0.01167900,0.01167900,0.04800924,0.05933320,0.01063632,0.07211900,0.02941200,0.02941200,0.18385928,0.17496892,0.08278568,0.19929200,0.08321800,0.08321800,0.08327679,0.01735510,0.02717366,0.17293000,0.01987000,0.01987000,0.04950273,0.13664250,0.08542985,0.06233900,-0.00318000,-0.00318000,0.22839662,0.11043877,0.07627104,0.33357900,0.03723200,0.03723200,0.13042116,0.09057604,0.04392696,0.19929200,0.01268300,0.01268300,-0.08754452,-0.00777288,-0.06329600,0.09699100,0.02935200,0.02935200,11.86769076,15.71763356,12.52981844,0.85247800,1.10850900,1.10850900,12.09157788,2.72044573,4.66722192,12.90400000,2.66100000,2.66100000,0.21785704,0.44825726,0.22554774,0.23382000,0.12068300,0.12068300,0.36701374,0.47406663,-18.03795362,1.04985600,0.91978400,0.91978400,-0.28757299,0.28791701,-0.57276475,16.35040000,1.09750000,1.09750000,-0.30888079,0.80943433,0.37437380,13.73570000,1.74300000,1.74300000,0.16615052,0.14802799,-0.16054328,10.64990000,1.54320000,1.54320000,-3.62108090,0.69967984,0.61277769,0.21540000,-0.04960000,-0.04960000,-0.37054111,0.06384000,-0.31796778,0.17078000,-0.20823852,0.26615000,-0.06614315,0.00544200,0.37526115,0.39133600,0.17163869,0.26789500,-0.29320527,0.22853900,-0.06229469,0.13530800,-0.66920393,0.01105200,-2.83825521,0.01292900,-0.02093797,0.05232000,-0.72725266,0.00108844,-0.00032379,-0.00032379,0.37526115,0.34916054,0.39133600,0.37104200,0.37104200,,,,,,,,,,,,
NKE US Equity,6/30/2004,6/30/2007,0,54%,0.08018316,0.01487852,0.00737060,0.42860200,0.01882400,0.01882400,0.06656304,0.02510356,0.00528344,0.12647400,0.01155400,0.01155400,0.05960936,0.06853884,0.01873196,0.07717200,0.03286100,0.03286100,0.27361932,0.23948312,0.17382920,0.21558500,0.09450800,0.09450800,0.08979933,0.01295117,0.02997781,0.18977800,0.02432600,0.02432600,0.03774777,-0.00394815,0.16584492,0.06957400,0.02008500,0.02008500,0.26203727,0.12043400,0.09640919,0.35331300,0.03930400,0.03930400,0.18411040,0.11033108,0.11107812,0.21558500,0.02653600,0.02653600,-0.09862412,-0.04509244,-0.06592160,0.14547100,0.06420100,0.06420100,11.61615028,14.01512364,12.04010136,0.99493700,1.28032800,1.28032800,14.10328281,5.52309354,4.22555135,15.18500000,6.01100000,6.01100000,0.29917478,14.09483548,-0.04843130,0.24896100,0.09378100,0.09378100,-4.29848822,-3.54499007,-4.67355476,0.04607600,0.05286600,0.05286600,-0.18389748,0.26004815,0.23510990,15.29250000,-4.04210000,-4.04210000,-0.01975247,-0.30826574,0.96153836,12.08090000,-4.24780000,-4.24780000,-0.18428914,-0.36436256,-0.40485536,9.84590000,-0.19560000,-0.19560000,-2.61987037,1.24337230,1.06146832,0.24600000,0.00670000,0.00670000,-0.20771741,0.22294000,-0.32647250,0.19737000,-0.34256214,0.20025000,-0.14543756,-0.07010900,-0.03202623,-0.03401000,0.20365977,0.29685700,-0.58164800,0.17462400,-0.05473763,0.10580900,-0.66684693,0.01561300,-2.84113582,0.01818600,-0.02142697,0.04869000,-0.36576625,0.00123908,0.00001527,0.00001527,-0.03202623,-0.06717512,-0.03401000,-0.07324500,-0.07324500,,,,,,,,,,,,
NKE US Equity,12/31/2004,12/31/2007,0,42%,0.07922742,0.00239366,0.01183670,0.43694500,0.01755500,0.01755500,0.05731746,-0.00552242,0.01688422,0.13340800,0.01269300,0.01269300,0.04656365,-0.00144559,0.05788761,0.08350400,0.01138500,0.01138500,0.20022268,0.01636340,0.19133232,0.22534400,0.02605200,0.02605200,0.07866958,-0.00460721,0.01274789,0.18704200,0.01411200,0.01411200,0.03483430,-0.01466843,0.12197407,0.05588000,-0.00645900,-0.00645900,0.21154546,-0.01685115,0.09358762,0.36001500,0.02643600,0.02643600,0.14249364,0.01207248,0.10264852,0.22534400,0.02605200,0.02605200,-0.05069336,0.03685116,0.02907828,0.16475800,0.06776700,0.06776700,-0.93532772,-12.80301848,2.91461508,0.34861900,-0.50385900,-0.50385900,13.92878848,1.83721060,4.55765633,15.01000000,2.10600000,2.10600000,-0.02415107,-0.24200811,0.20624915,0.22592100,-0.00789900,-0.00789900,-0.55884189,-0.92585563,-0.45178900,-0.16104900,-1.21090500,-1.21090500,-0.30249847,-0.01492548,0.27299153,19.10010000,2.74970000,2.74970000,-2.15276618,-1.84388539,-1.03445106,14.35770000,0.62200000,0.62200000,-0.84161893,-1.00776944,-0.85974146,10.56260000,-0.08730000,-0.08730000,-4.28585103,-0.66477013,0.03490971,0.22990000,0.01450000,0.01450000,-0.32106815,0.09817000,-0.30104179,0.21865000,-0.31831036,0.18759000,-0.17349378,-0.13049700,-0.01683570,-0.01596700,0.17316088,0.30243500,-0.32340093,0.15908900,-0.06678700,0.09930700,-0.67549789,0.01470100,-2.85578346,0.01766100,-0.02139166,0.04058400,-1.34028635,0.00105000,-0.00003844,-0.00003844,-0.01683570,-0.39209686,-0.01596700,-0.40730300,-0.40730300,,,,,,,,,,,,
NKE US Equity,6/30/2005,6/30/2008,0,38%,0.07882670,-0.00135646,0.01352206,0.44509000,0.01648800,0.01648800,0.05531522,-0.01124782,0.01385574,0.13782700,0.01135300,0.01135300,0.03415781,-0.02545155,0.04308729,0.08818200,0.01101000,0.01101000,0.07909312,-0.19452620,0.04495692,0.23242100,0.01683600,0.01683600,0.09657092,0.00677158,0.01972275,0.19640000,0.00662200,0.00662200,0.02251493,-0.01523284,-0.01918100,0.06120500,-0.00836900,-0.00836900,0.06274607,-0.19929120,-0.07885720,0.36326800,0.00995500,0.00995500,0.00979415,-0.17431625,-0.06398517,0.23242100,0.01683600,0.01683600,-0.00460140,0.09402272,0.04893028,0.12132400,-0.02414700,-0.02414700,-0.75336296,-12.36951324,1.64561040,0.28130300,-0.71363400,-0.71363400,14.63000582,0.52672301,6.04981655,15.70700000,0.52200000,0.52200000,-0.15666337,-0.45583815,13.63899733,0.17078100,-0.07818000,-0.07818000,-7.54236637,-3.24387815,-6.78886822,-0.11373700,-0.15981300,-0.15981300,-0.76021659,-0.57631911,-0.31627096,17.30290000,2.01040000,2.01040000,-2.28614028,-2.26638781,-2.57465355,12.98870000,0.90780000,0.90780000,-0.81665682,-0.63236768,-0.99673024,9.35240000,-0.49350000,-0.49350000,-2.73057697,-0.11070661,1.13266569,0.17310000,-0.07290000,-0.07290000,-0.25945143,0.29130000,-0.33107429,0.22134000,-0.31272241,0.20019000,-0.20211437,-0.16564200,-0.01240204,-0.01256800,0.17498392,0.31496600,-0.35097415,0.13523600,-0.07151141,0.08680200,-0.68905971,0.01720900,-2.86676868,0.02057800,-0.02486666,0.04058400,-0.04053638,0.00109859,-0.00014049,-0.00014049,-0.01240204,0.01962420,-0.01256800,0.02144200,0.02144200,,,,,,,,,,,,
NKE US Equity,12/31/2005,12/31/2008,0,18%,0.04910993,-0.03011750,-0.02772383,0.44555700,0.00861200,0.00861200,0.02882074,-0.02849672,-0.03401914,0.14387800,0.01047000,0.01047000,0.03177700,-0.01478665,-0.01623224,0.09440800,0.01090400,0.01090400,0.09505585,-0.10516683,-0.08880343,0.23745200,0.01210800,0.01210800,0.08324260,0.00457302,-0.00003419,0.19852300,0.01148100,0.01148100,0.06865552,0.03382122,0.01915279,0.05681100,0.00093100,0.00093100,0.05879219,-0.15275328,-0.16960443,0.36187600,0.00186100,0.00186100,0.05707878,-0.08541486,-0.07334238,0.23745200,0.01210800,0.01210800,-0.16068958,-0.10999622,-0.07314506,0.09656400,-0.06819400,-0.06819400,-0.06677331,0.86855441,-11.93446407,0.23976200,-0.10885700,-0.10885700,14.39070911,0.46192063,2.29913122,15.53400000,0.52400000,0.52400000,-0.28223175,-0.25808068,-0.50008879,0.15688900,-0.06903200,-0.06903200,1.43565518,1.99449707,1.06864144,0.17311700,0.33416600,0.33416600,-0.75884981,-0.45635133,-0.47127682,18.02340000,-1.07670000,-1.07670000,-2.14872422,0.00404197,-1.83984343,13.39210000,-0.96560000,-0.96560000,-0.61472402,0.22689491,-0.78087453,8.81350000,-1.74910000,-1.74910000,-2.57114795,1.71470308,1.04993295,0.21110000,-0.01880000,-0.01880000,-0.32507679,0.22304000,-0.27183286,0.19447000,-0.27148379,0.19968000,-0.21927668,-0.19234200,0.14955275,-0.00984000,0.13706970,0.31760200,-0.30011507,0.12200900,-0.08333254,0.08114500,-0.68806314,0.01693300,-2.86441982,0.02093500,-0.02978176,0.04058400,-0.05300443,0.00106434,0.00001435,0.00001435,0.14955275,0.16638845,-0.00984000,0.00612700,0.00612700,,,,,,,,,,,,
NKE US Equity,6/30/2006,6/30/2009,0,28%,0.03835674,-0.04046996,-0.04182642,0.44045800,-0.00463200,-0.00463200,0.02626433,-0.02905089,-0.04029871,0.14103700,0.00321000,0.00321000,0.03559693,0.00143911,-0.02401243,0.09308000,0.00489800,0.00489800,0.11473970,0.03564659,-0.15887962,0.23337300,0.00095200,0.00095200,0.08466900,-0.01190192,-0.00513033,0.19402700,-0.00237300,-0.00237300,0.03877007,0.01625515,0.00102230,0.06489500,0.00369000,0.00369000,0.08269878,0.01995270,-0.17933849,0.35361400,-0.00965400,-0.00965400,0.08126137,0.07146722,-0.10284903,0.23853700,0.00611600,0.00611600,-0.20676789,-0.20216649,-0.10814377,0.08844400,-0.03288000,-0.03288000,-1.75832926,-1.00496630,-13.37447954,0.14889400,-0.13240900,-0.13240900,15.45281546,0.82280964,1.34953266,16.67900000,0.97200000,0.97200000,-2.80325052,-2.64658715,-3.10242530,0.10025700,-0.07052400,-0.07052400,2.06574759,9.60811396,6.36423581,0.47193100,0.58566800,0.58566800,-2.48073409,-1.72051750,-2.29683661,15.69030000,-1.61260000,-1.61260000,-0.11394534,2.17219494,-0.09419287,11.37120000,-1.61750000,-1.61750000,-0.59306589,0.22359093,-0.40877675,7.90220000,-1.45020000,-1.45020000,-2.08741979,0.64315718,0.53245057,0.41680000,0.24370000,0.24370000,-0.09196966,0.30714000,-0.30160207,0.17085000,-0.28405724,0.18773000,-0.21865811,-0.22782300,0.15391179,-0.00864100,0.15356507,0.31474300,-0.22042096,0.11286800,-0.08008182,0.07187700,-0.68751146,0.01880700,-2.86147189,0.02351100,-0.02172503,0.06858200,-0.11181505,0.00115933,0.00006074,0.00006074,0.15391179,0.16631382,-0.00864100,0.00392700,0.00392700,,,,,,,,,,,,
NKE US Equity,6/30/2007,6/30/2010,0,16%,0.02565696,-0.01269978,-0.05316974,0.43859800,-0.00186000,-0.00186000,0.01009811,-0.01616623,-0.04521712,0.13057800,-0.01045900,-0.01045900,0.02933350,-0.00626343,-0.00482431,0.09135800,-0.00172200,-0.00172200,0.09391004,-0.02082967,0.01481692,0.22410700,-0.00926600,-0.00926600,0.06823070,-0.01643830,-0.02834021,0.18762800,-0.00639900,-0.00639900,0.00940497,-0.02936511,-0.01310996,0.05497400,-0.00992100,-0.00992100,0.06180000,-0.02089878,-0.00094607,0.32031600,-0.03329800,-0.03329800,0.06516314,-0.01609823,0.05536899,0.21915200,-0.01938500,-0.01938500,-0.03335130,0.17341659,-0.02874990,0.09167600,0.00323200,0.00323200,-1.47142996,0.28689930,-0.71806700,0.07148000,-0.07741400,-0.07741400,17.39851310,1.94569764,2.76850728,18.78700000,2.10800000,2.10800000,-0.11962431,2.68362621,0.03703906,0.00058300,-0.09967400,-0.09967400,0.64631427,-1.41943332,8.18868064,0.39967900,-0.07225200,-0.07225200,-0.68396917,1.79676492,0.07624742,18.74510000,3.05480000,3.05480000,0.36093453,0.47487987,2.64707481,13.92770000,2.55650000,2.55650000,-0.34211188,0.25095401,0.47454494,10.89570000,2.99350000,2.99350000,-2.70183347,-0.61441367,0.02874351,0.26130000,-0.15550000,-0.15550000,0.00269467,0.46006000,-0.20526548,0.23311000,-0.22953967,0.18547000,-0.30967852,-0.30472200,-0.01763238,-0.00665700,0.09642982,0.29279300,-0.91006503,0.07703500,-0.11587528,0.05063500,-0.64825659,0.02892100,-2.78883034,0.03471400,-0.06560583,0.07948200,-0.04546290,0.00081626,-0.00034307,-0.00034307,-0.01763238,-0.17154417,-0.00665700,0.00198400,0.00198400,,,,,,,,,,,,
NKE US Equity,12/31/2008,12/31/2011,0,89%,0.06479383,0.02749200,0.03828404,0.45746800,0.01468100,0.01468100,0.08471959,0.05742517,0.07871994,0.12713000,-0.00478800,-0.00478800,0.17539462,0.10806772,0.15135162,0.09442000,-0.00484800,-0.00484800,0.30605490,0.08255622,0.20980875,0.23779500,-0.00707500,-0.00707500,0.10746507,0.01261196,0.05231218,0.20551000,-0.00522500,-0.00522500,-0.05986043,-0.09264303,-0.07111943,0.04470800,-0.01431900,-0.01431900,0.15186969,0.02092865,0.08687887,0.32017400,-0.00523600,-0.00523600,0.16102124,0.02091763,0.10098881,0.23779500,0.00738800,0.00738800,0.11257790,0.13605604,0.21023738,0.13580100,0.02893800,0.02893800,12.19720248,-2.40107648,13.91549089,0.08033500,-0.18145400,-0.18145400,15.06955040,-6.19037680,1.53354309,16.24700000,-6.62300000,-6.62300000,0.31673845,0.12933325,0.76662659,0.09210900,-0.02823300,-0.02823300,0.66281419,0.19306166,0.67109906,0.39967900,0.00000000,0.00000000,0.54492351,1.75091387,1.15242121,21.68100000,4.96820000,4.96820000,-0.74650602,-1.03458031,-1.28662644,14.67530000,1.50000000,1.50000000,-0.61983997,-0.09297213,-0.26663335,8.50290000,-3.23250000,-3.23250000,-4.09160438,-0.11279273,-2.01830462,0.14230000,-0.02760000,-0.02760000,-0.61480033,0.46522000,-0.51624710,0.80843000,-0.36452323,0.49635000,-0.22867448,-0.21722900,-0.00585400,-0.00605700,0.20255548,0.29457500,-0.83010979,0.09781700,-0.23148724,0.06283500,-0.64226210,0.01451700,-2.67395263,0.02046500,-0.00010277,0.07948200,-0.11832303,0.00090164,0.00008381,0.00008381,-0.00585400,0.00272430,-0.00605700,0.00157400,0.00157400,,,,,,,,,,,,
NKE US Equity,6/30/2009,6/30/2012,0,70%,0.06366700,0.01284928,0.03801004,0.44870400,-0.00157800,-0.00157800,0.07930841,0.03233776,0.06921031,0.09691800,-0.03373600,-0.03373600,0.19270955,0.09285248,0.16337605,0.07752900,-0.02358200,-0.02358200,0.35703286,0.12298431,0.26312283,0.18000500,-0.07364000,-0.07364000,0.09295438,-0.00631859,0.02472368,0.15206500,-0.06382400,-0.06382400,-0.12056883,-0.26801277,-0.12997380,0.04622800,0.00193800,0.00193800,0.16463724,0.04239269,0.10283724,0.22502200,-0.10273400,-0.10273400,0.22920276,0.08612452,0.16403962,0.22908300,-0.01089800,-0.01089800,0.07613955,0.02231330,0.10949085,0.02947900,-0.11146900,-0.11146900,3.17675879,-0.25711664,4.64818876,-0.21063000,-0.47338600,-0.47338600,16.00412997,-1.95946310,-1.39438314,17.36100000,-2.00200000,-2.00200000,0.14935552,-0.72324712,0.26897983,-0.19866300,-0.33849200,-0.33849200,0.49285916,0.38295586,-0.15345511,0.39967900,0.00000000,0.00000000,0.31378077,-0.02794281,0.99774993,19.62100000,-0.22970000,-0.22970000,0.35834031,-0.13823918,-0.00259421,14.43180000,-1.79800000,-1.79800000,-0.46340271,0.16709373,-0.12129084,11.42240000,-0.05820000,-0.05820000,-5.05790098,-0.06041507,-2.35606752,0.14230000,0.00000000,0.00000000,-0.49833600,0.35591000,-0.61425387,0.39088000,-0.44372742,0.55178000,-0.22781617,-0.27805000,-0.00729463,-0.00480300,0.17532038,0.20700400,-0.74721800,0.09341900,-0.21930973,0.06129200,-0.65023047,0.01576700,-2.68153933,0.02137800,0.00597071,0.07948200,-0.06823446,0.00069796,-0.00002743,-0.00002743,-0.00729463,-0.00210463,-0.00480300,0.00227900,0.00227900,,,,,,,,,,,,
NKE US Equity,12/31/2009,12/31/2012,0,56%,0.04797621,-0.01681762,0.01067438,0.44495800,-0.01251000,-0.01251000,0.04603714,-0.03868245,0.01874272,0.09811000,-0.02902000,-0.02902000,0.11985979,-0.05553483,0.05253290,0.08027100,-0.01414900,-0.01414900,0.23377279,-0.07228210,0.01027411,0.16996200,-0.06783300,-0.06783300,0.07123724,-0.03622783,-0.02361587,0.14722400,-0.05828600,-0.05828600,-0.20108923,-0.14122880,-0.23387183,0.06548400,0.02077600,0.02077600,0.09745672,-0.05441297,-0.03348431,0.20773600,-0.11243800,-0.11243800,0.17837169,0.01735045,0.03826808,0.21671400,-0.02108100,-0.02108100,-0.00878028,-0.12135817,0.01469787,-0.06597900,-0.20178000,-0.20178000,2.51869362,-9.67850886,-12.07958534,-0.20594900,-0.28628400,-0.28628400,22.88061647,7.81106607,1.62068927,24.74900000,8.50200000,8.50200000,-0.32020442,-0.63694287,-0.50760962,-0.23825800,-0.33036700,-0.33036700,0.17279706,-0.49001713,-0.29695547,0.39967900,0.00000000,0.00000000,-0.27580467,-0.82072818,0.93018569,15.49450000,-6.18650000,-6.18650000,-0.66745613,0.07904989,-0.95553043,11.39220000,-3.28310000,-3.28310000,-0.20342729,0.41641269,0.32344055,13.19970000,4.69680000,4.69680000,-5.23703103,-1.14542665,-1.25821938,0.14230000,0.00000000,0.00000000,-0.60664500,0.10746000,-0.61384516,0.19663000,-0.50507935,0.36598000,-0.25161597,-0.35118000,-0.00453873,-0.00578500,0.11819272,0.19257800,-0.58323140,0.06182700,-0.21278820,0.04269200,-0.66165227,0.03632300,-2.70020170,0.04339600,0.00154848,0.07948200,-0.06773156,0.00060630,-0.00029534,-0.00029534,-0.00453873,0.00131527,-0.00578500,0.00027200,0.00027200,,,,,,,,,,,,
NKE US Equity,6/30/2010,6/30/2013,0,85%,0.04631390,-0.01735310,-0.00450382,0.46283800,0.01413400,0.01413400,0.04615817,-0.03315025,-0.00081249,0.13015700,0.03323900,0.03323900,0.09763720,-0.09507235,-0.00221987,0.10031000,0.02278100,0.02278100,0.19925486,-0.15777800,-0.03479369,0.20678900,0.02678400,0.02678400,0.07557069,-0.01738369,-0.02370228,0.18612100,0.03405600,0.03405600,-0.12830860,-0.00773977,-0.27575253,0.08092500,0.03469700,0.03469700,0.15243083,-0.01220641,0.03018628,0.26831800,0.04329600,0.04329600,0.14204445,-0.08715831,-0.00103379,0.20678900,-0.02229400,-0.02229400,-0.05609783,-0.13223738,-0.10992408,-0.00845300,-0.03793200,-0.03793200,2.29591128,-0.88084752,-1.13796415,0.28290800,0.49353800,0.49353800,29.60304327,13.59891330,11.63945020,31.64200000,14.28100000,14.28100000,-1.16837452,-1.31773003,-2.04097715,0.27558700,0.47425000,0.47425000,0.41690719,-0.07595197,0.30700389,0.39967900,0.00000000,0.00000000,0.16477355,-0.14900721,-0.17695002,11.58650000,-8.03450000,-8.03450000,-0.03057960,-0.38891991,-0.52715909,9.60970000,-4.82210000,-4.82210000,-1.31641255,-0.85300984,-0.68591611,10.86750000,-0.55490000,-0.55490000,-5.09185575,-0.03395477,-0.09436984,0.14230000,0.00000000,0.00000000,-0.56770167,0.29123000,-0.57913613,0.33005000,-0.47986806,0.25439000,-0.38142229,-0.44018800,-0.00090463,-0.00583800,0.14298000,0.24933400,-0.76493594,0.06067400,-0.22002277,0.04104200,-1.94463017,0.04780700,-4.57502907,0.05346700,0.00424052,0.07948200,-0.07064385,0.00070158,0.00000362,0.00000362,-0.00090463,0.00639000,-0.00583800,-0.00103500,-0.00103500,,,,,,,,,,,,
NKE US Equity,12/31/2010,12/31/2013,0,84%,0.04908568,0.00110947,-0.01570815,0.46659800,0.02164000,0.02164000,0.05317335,0.00713622,-0.03154623,0.13447900,0.03636900,0.03636900,0.10790548,-0.01195431,-0.06748914,0.10263300,0.02236200,0.02236200,0.25946076,0.02568797,-0.04659414,0.21226600,0.04230400,0.04230400,0.09666679,0.02542955,-0.01079828,0.19518200,0.04795800,0.04795800,-0.02932900,0.17176023,0.03053143,0.05048600,-0.01499800,-0.01499800,0.19732463,0.09986791,0.04545494,0.27812900,0.07039300,0.07039300,0.18523124,0.00685955,0.02421000,0.21226600,-0.00444800,-0.00444800,-0.06696466,-0.05818438,-0.17954255,0.08002000,0.14599900,0.14599900,2.64281831,0.12412469,-9.55438417,0.38090400,0.58685300,0.58685300,22.77301394,-0.10760253,7.70346354,24.34100000,-0.40800000,-0.40800000,0.17183103,0.49203545,-0.14490742,0.40046800,0.63872600,0.63872600,0.53881784,0.36602077,-0.12399635,0.39967900,0.00000000,0.00000000,0.43733947,0.71314414,-0.10758404,19.83140000,4.33690000,4.33690000,0.55828365,1.22573978,1.30478967,15.20980000,3.81760000,3.81760000,-1.69267966,-1.48925238,-1.07283969,12.37620000,-0.82350000,-0.82350000,-4.88196041,0.35507062,-0.79035603,0.14230000,0.00000000,0.00000000,-0.31141367,0.36531000,-0.58356258,0.20521000,-0.45852290,0.22644000,-0.36464139,-0.39736400,-0.00366668,-0.00456100,0.16003283,0.26215100,-3.33948497,0.06010700,-0.23358619,0.04134400,-0.60989729,0.03479400,-2.57607423,0.04070400,0.00239300,0.07948200,-0.04772601,0.00058136,-0.00002494,-0.00002494,-0.00366668,0.00087206,-0.00456100,0.00122400,0.00122400,,,,,,,,,,,,
NKE US Equity,6/30/2011,6/30/2014,0,72%,0.04155752,-0.00475638,-0.02210948,0.45575700,-0.00708100,-0.00708100,0.05770910,0.01155093,-0.02159932,0.13493400,0.00477700,0.00477700,0.10503261,0.00739541,-0.08767694,0.10224300,0.00193300,0.00193300,0.23274981,0.03349494,-0.12428306,0.21769000,0.01090100,0.01090100,0.09533577,0.01976508,0.00238139,0.19847500,0.01235400,0.01235400,0.00191226,0.13022086,0.12248109,0.03491700,-0.04600800,-0.04600800,0.17544784,0.02301701,0.01081060,0.28729300,0.01897500,0.01897500,0.15317406,0.01112962,-0.07602869,0.21769000,0.01090100,0.01090100,-0.03846557,0.01763226,-0.11460512,0.09719200,0.10564500,0.10564500,1.47233497,-0.82357631,-1.70442383,0.11833500,-0.16457300,-0.16457300,16.81187655,-12.79116672,0.80774658,18.12000000,-13.52200000,-13.52200000,0.13172223,1.30009674,-0.01763329,0.12580400,-0.14978300,-0.14978300,0.62890500,0.21199781,0.13604584,0.39967900,0.00000000,0.00000000,0.30767533,0.14290178,-0.00610543,30.85230000,19.26580000,19.26580000,0.93208209,0.96266169,0.57374178,19.67310000,10.06340000,10.06340000,0.20632631,1.52273886,0.66972902,11.31670000,0.44920000,0.44920000,-4.35572057,0.73613518,0.70218041,0.14230000,0.00000000,0.00000000,-0.13224433,0.57524000,-0.47865903,0.29248000,-0.41135290,0.24223000,-0.40582703,-0.36883700,0.00700181,-0.00324400,0.18342903,0.27000100,-3.23805442,0.06735800,-0.23555123,0.04420600,-0.61691165,0.02081400,-2.57963142,0.02733000,0.00437939,0.07948200,-0.02863578,0.00056598,-0.00013560,-0.00013560,0.00700181,0.00790644,-0.00324400,0.00259400,0.00259400,,,,,,,,,,,,
NKE US Equity,12/31/2011,12/31/2014,0,100%,0.03469129,-0.01439439,-0.01328492,0.44277300,-0.02382500,-0.02382500,0.03642397,-0.01674939,-0.00961317,0.13292100,-0.00155800,-0.00155800,0.25548174,0.14757626,0.13562195,0.09927900,-0.00335400,-0.00335400,0.26043181,0.00097105,0.02665901,0.22544500,0.01317900,0.01317900,0.06094813,-0.03571866,-0.01028911,0.21268100,0.01749900,0.01749900,0.02912371,0.05845271,0.23021294,0.02858700,-0.02189900,-0.02189900,0.18876629,-0.00855834,0.09130957,0.30183900,0.02371000,0.02371000,0.14908839,-0.03614285,-0.02928330,0.22655600,0.01429000,0.01429000,0.05323913,0.12020378,0.06201940,0.13341000,0.05339000,0.05339000,2.76803290,0.12521459,0.24933928,0.09636800,-0.28453600,-0.28453600,16.22401071,-6.54900323,-6.65660576,17.62000000,-6.72100000,-6.72100000,0.12413442,-0.04769661,0.44433884,0.11620000,-0.28426800,-0.28426800,0.37902865,-0.15978919,0.20623158,0.39967900,0.00000000,0.00000000,0.77342078,0.33608131,1.04922545,35.69360000,15.86220000,15.86220000,1.20839905,0.65011540,1.87585518,23.41240000,8.20260000,8.20260000,0.36945930,2.06213897,0.57288659,12.35480000,-0.02140000,-0.02140000,-3.31730687,1.56465354,1.91972416,0.14230000,0.00000000,0.00000000,-0.65646710,0.25392000,-0.64288839,0.25492000,-0.41625355,0.31292000,-0.24864681,-0.28058900,-0.00077094,-0.00407000,0.21807184,0.28637200,-3.22915597,0.04785100,-0.25342358,0.03233800,-0.64274665,0.02679400,-2.60930406,0.03741000,0.00778774,0.07948200,14.50261669,0.00051527,-0.00006610,-0.00006610,-0.00077094,0.00289574,-0.00407000,0.00049100,0.00049100,,,,,,,,,,,,
