ORLY US Equity,6/30/2000,6/30/2003,0,141%,0.16670433,-0.00676731,-0.01306867,0.43562800,0.01311700,0.01311700,0.04688967,0.00106667,-0.01381650,0.10486100,0.00645100,0.00645100,0.03907460,0.01644047,0.00249185,0.06291200,0.00875900,0.00875900,0.02473413,0.03267533,-0.04879596,0.12651400,-0.00490200,-0.00490200,0.74988362,0.70096920,0.72203249,0.10484000,-0.00363600,-0.00363600,-0.16388436,-0.09232471,-0.34976754,-0.09541300,-0.04175700,-0.04175700,-0.06285007,-0.03052380,-0.16686352,0.21087200,-0.02794400,-0.02794400,0.01474413,0.00095720,-0.05310396,0.12651400,-0.00490200,-0.00490200,-0.09935273,-0.11763790,7.79782497,0.17032300,-0.37826800,-0.37826800,1.28480353,2.17569078,1.87983231,0.35960000,-0.11438700,-0.11438700,-0.27991120,0.18520573,-1.22076953,0.28911000,0.28031000,0.28031000,0.00000000,0.00000000,0.00000000,0.00000000,0.00000000,0.00000000,0.00000000,0.00000000,0.00000000,0.00000000,0.00000000,0.00000000,0.00000000,0.00000000,0.00000000,0.00000000,0.00000000,0.00000000,-0.78746514,-3.96140138,-1.51520810,28.93010000,-1490.79380000,-1490.79380000,0.00000000,0.00000000,0.00000000,0.00000000,0.00000000,0.00000000,-1.05217071,-0.07596018,0.40048267,1.99200000,0.46750000,0.46750000,0.18546938,0.85280000,-0.01180533,0.60578000,0.09298800,0.71054000,-0.32694053,0.22065600,0.00121987,0.00229300,0.06023180,0.16856600,-1.64575320,0.31709200,-0.27511460,0.20324400,-0.00450353,-0.00492500,0.00109827,0.00210100,0.00000000,0.00000000,0.04074389,0.01624625,0.00573434,0.00573434,0.00121987,0.00232153,0.00229300,0.00214900,0.00214900,,,,,,,,,,,,
ORLY US Equity,12/31/2000,12/31/2003,0,58%,0.16617127,0.01235313,-0.00690130,0.42979800,-0.00155100,-0.00155100,0.04573460,0.00059787,0.00020907,0.10110800,-0.00089100,-0.00089100,0.03836993,0.00449240,0.01776233,0.05807100,-0.00244800,-0.00244800,0.03734727,0.01674567,-0.00930458,0.11931100,-0.02757100,-0.02757100,0.83708521,0.79237229,0.78276088,0.09967200,-0.00511500,-0.00511500,-0.28396900,-0.25697836,-0.26314486,-0.05428300,-0.00274700,-0.00274700,-0.08078780,-0.05146687,-0.17766903,0.20773300,-0.03982200,-0.03982200,0.03627053,0.01913780,-0.02839101,0.11931100,-0.02757100,-0.02757100,0.00906407,0.16534440,3.47169243,0.18073900,-0.04288500,-0.04288500,0.38053180,0.95349540,0.12342971,0.13297800,-0.35015600,-0.35015600,-0.82753887,-0.88945307,-0.07760020,0.07140000,-0.22575000,-0.22575000,0.00000000,0.00000000,0.00000000,0.00000000,0.00000000,0.00000000,0.00000000,0.00000000,0.00000000,0.00000000,0.00000000,0.00000000,0.00000000,0.00000000,0.00000000,0.00000000,0.00000000,0.00000000,1.20094872,1.66160344,0.47320576,211.30370000,171.19100000,171.19100000,0.00000000,0.00000000,0.00000000,0.00000000,0.00000000,0.00000000,-2.92347152,-3.10430140,-1.66328093,0.34610000,-4.00370000,-4.00370000,-0.43328063,0.40883000,-0.01087933,0.61943000,0.09464467,0.73244000,-0.33116580,0.21527700,-0.00111660,0.00055000,0.05647527,0.16128100,-1.61359720,0.30100200,-0.28039673,0.19495100,-0.00569920,-0.00536200,-0.00108820,0.00051200,0.00000000,0.00000000,0.05144365,0.00812258,-0.00339990,-0.00339990,-0.00111660,-0.00302167,0.00055000,-0.00242800,-0.00242800,,,,,,,,,,,,
ORLY US Equity,6/30/2001,6/30/2004,0,57%,0.15348993,-0.01321440,-0.01998171,0.42603700,-0.00959100,-0.00959100,0.04861193,0.00172227,0.00278893,0.09942900,-0.00543200,-0.00543200,0.04076627,0.00169167,0.01813213,0.05676500,-0.00614700,-0.00614700,0.06109493,0.03636080,0.06903613,0.11937100,-0.00714300,-0.00714300,0.03796793,-0.71191569,-0.01094649,0.09971000,-0.00513000,-0.00513000,-0.06752464,0.09635971,0.00403500,-0.02303600,0.07237700,0.07237700,-0.05087907,0.01197100,-0.01855280,0.20908900,-0.00178300,-0.00178300,0.03961527,0.02487113,0.02582833,0.11937100,-0.00714300,-0.00714300,0.12680593,0.22615867,0.10852077,0.21421800,0.04389500,0.04389500,0.23643600,-1.04836753,1.12732325,0.09557900,-0.26402100,-0.26402100,-1.12368120,-0.84377000,-0.65856427,0.32971000,0.04060000,0.04060000,0.00000000,0.00000000,0.00000000,0.00000000,0.00000000,0.00000000,0.00000000,0.00000000,0.00000000,0.00000000,0.00000000,0.00000000,0.00000000,0.00000000,0.00000000,0.00000000,0.00000000,0.00000000,0.33804953,1.12551466,-2.83588671,48.76760000,19.83750000,19.83750000,0.00000000,0.00000000,0.00000000,0.00000000,0.00000000,0.00000000,-6.20882273,-5.15665202,-5.23261219,0.40240000,-1.58960000,-1.58960000,-0.00973812,0.59962000,-0.12295067,0.43078000,-0.06569400,0.52800000,-0.37521913,0.17350000,0.00109713,0.00300300,0.06753273,0.16313600,-1.82888706,0.25131000,-0.31645200,0.16768400,-0.00331307,-0.00271500,0.00085520,0.00259400,0.00000000,0.00000000,-0.00222336,0.00760475,-0.00864150,-0.00864150,0.00109713,-0.00012273,0.00300300,0.00071000,0.00071000,,,,,,,,,,,,
ORLY US Equity,12/31/2002,12/31/2005,0,153%,0.15856419,0.00285625,-0.00760708,0.42164100,-0.00631900,-0.00631900,0.04546575,-0.00905825,-0.00026885,0.10537300,0.00156100,0.00156100,0.03725300,-0.01583756,-0.00111693,0.06247100,0.00171500,0.00171500,0.02172150,-0.05192923,-0.01562577,0.13588200,0.00578300,0.00578300,0.03063313,-0.01117202,-0.80645209,0.10702500,0.00330100,0.00330100,-0.09618988,0.16915113,0.18777913,0.00168600,0.01128000,0.01128000,-0.07537769,-0.03701875,0.00541011,0.22920000,0.00690300,0.00690300,-0.01592850,-0.03573297,-0.05219903,0.13588200,0.00578300,0.00578300,0.10018706,-0.10239474,0.09112300,0.20179100,-0.02472100,-0.02472100,-0.27256725,-0.50744978,-0.65309905,0.23571300,-0.04749300,-0.04749300,-0.58177563,0.43881813,0.24576324,1.04533000,0.54504000,0.54504000,0.00000000,0.00000000,0.00000000,0.00000000,0.00000000,0.00000000,0.00000000,0.00000000,0.00000000,0.00000000,0.00000000,0.00000000,2.99433362,0.00000000,0.00000000,541.63550000,0.00000000,0.00000000,-0.93121321,-1.06301667,-2.13216193,14.46020000,-27.40340000,-27.40340000,0.00000000,0.00000000,0.00000000,0.00000000,0.00000000,0.00000000,-4.18050671,-0.69189472,-1.25703519,0.30490000,-0.06740000,-0.06740000,-0.08650647,0.26349000,-0.05095588,0.51808000,-0.11142200,0.42675000,-0.27658244,0.19225800,0.00410725,0.00646000,0.03592788,0.17501700,-1.13998931,0.29384300,-0.22024788,0.18936800,-0.00038075,0.00011900,0.00312863,0.00546900,0.00000000,0.00000000,-0.00343270,0.00844885,0.00202477,0.00202477,0.00410725,0.00397419,0.00646000,0.00346300,0.00346300,,,,,,,,,,,,
ORLY US Equity,12/31/2003,12/31/2006,0,66%,0.15468000,-0.00388419,-0.00102794,0.42223100,0.00059000,0.00059000,0.05334088,0.00787512,-0.00118313,0.10932200,0.00394900,0.00394900,0.03951594,0.00226294,-0.01357463,0.06620300,0.00373200,0.00373200,-0.00511456,-0.02683606,-0.07876530,0.13951300,0.00363100,0.00363100,0.03303931,0.00240619,-0.00876583,0.11409700,0.00707200,0.00707200,-0.07631481,0.01987506,0.18902619,0.01534200,0.01365600,0.01365600,-0.08124681,-0.00586912,-0.04288788,0.23037900,0.00117900,0.00117900,-0.02389094,-0.00796244,-0.04369540,0.13951300,0.00363100,0.00363100,0.05237669,-0.04781038,-0.15020511,0.15186900,-0.04992200,-0.04992200,-0.05672438,0.21584288,-0.29160691,0.22069200,-0.01502100,-0.01502100,-0.20523188,0.37654375,0.81536188,1.68836000,0.64303000,0.64303000,0.00000000,0.00000000,0.00000000,0.00000000,0.00000000,0.00000000,0.00000000,0.00000000,0.00000000,0.00000000,0.00000000,0.00000000,1.06169819,-1.93263543,0.00000000,63.02450000,-478.61100000,-478.61100000,-0.35764948,0.57356373,-0.48945294,13.08190000,-1.37830000,-1.37830000,0.16491030,0.00000000,0.00000000,10.63670000,0.00000000,0.00000000,-1.59277385,2.58773287,1.89583815,1.63730000,1.33240000,1.33240000,-0.11828824,0.13318000,-0.09029294,0.28228000,-0.13232059,0.28731000,-0.36695600,0.11124400,0.01254456,0.01674800,0.04896769,0.18911700,-1.45121794,0.15543100,-0.30609088,0.10535700,0.00201306,0.00265300,0.01073631,0.01385000,0.00000000,0.00000000,-0.00146918,0.00570466,-0.00274419,-0.00274419,0.01254456,0.00843731,0.01674800,0.01028800,0.01028800,,,,,,,,,,,,
ORLY US Equity,6/30/2004,6/30/2007,0,62%,0.15302769,-0.00291575,-0.00723663,0.42577500,0.00637600,0.00637600,0.05255750,0.00204519,0.00265563,0.11346100,0.00683400,0.00683400,0.03834813,0.00189356,-0.01296819,0.06998400,0.00637900,0.00637900,-0.04475363,-0.04660400,-0.10229538,0.14437900,0.00811000,0.00811000,0.03908438,0.00473406,-0.00461225,0.12107000,0.00943600,0.00943600,-0.02359175,0.09874631,0.09339281,0.02594700,0.00813400,0.00813400,-0.13772275,-0.07411044,-0.08721175,0.23407200,0.00563300,0.00563300,-0.05402788,-0.04000288,-0.05754750,0.14437900,0.00811000,0.00811000,0.01960931,-0.04245400,-0.15324129,0.15022900,-0.01109000,-0.01109000,-0.13595119,-0.01096706,-0.34251052,0.26558600,0.07661000,0.07661000,0.63094438,0.83192188,1.35480875,2.15276000,0.58608000,0.58608000,0.00000000,0.00000000,0.00000000,0.00000000,0.00000000,0.00000000,0.00000000,0.00000000,0.00000000,0.00000000,0.00000000,0.00000000,0.73361271,0.12177691,0.00000000,38.27790000,-17.29400000,-17.29400000,-0.05759246,-0.05638630,0.39598821,11.63230000,-0.58930000,-0.58930000,-0.07450409,0.00000000,0.00000000,10.98840000,0.00000000,0.00000000,-1.22537799,1.76365037,1.38067738,0.99210000,0.41850000,0.41850000,-0.05692471,0.22714000,-0.07082471,0.25359000,-0.08492000,0.27247000,-0.47376888,0.01383500,0.15023463,0.16216600,0.05086963,0.20332200,-1.61502547,0.11815300,-0.32862271,0.07495400,0.00620163,0.00637400,0.01847725,0.02123200,0.00000000,0.00000000,-0.00188763,0.00557493,-0.00108260,-0.00108260,0.15023463,0.13959138,0.16216600,0.14786700,0.14786700,,,,,,,,,,,,
ORLY US Equity,12/31/2004,12/31/2007,0,44%,0.14759241,-0.00708759,-0.01097178,0.42929000,0.00705900,0.00705900,0.04287006,-0.01047082,-0.00259569,0.10818100,-0.00114100,-0.00114100,0.02786641,-0.01164953,-0.00938659,0.06682900,0.00062600,0.00062600,-0.08573637,-0.08062181,-0.10745788,0.13281900,-0.00669400,-0.00669400,0.02914300,-0.00389631,-0.00149012,0.11383100,-0.00026600,-0.00026600,-0.01508765,0.06122717,0.08110223,0.02179600,0.00645400,0.00645400,-0.20375363,-0.12250681,-0.12837594,0.21500500,-0.01537400,-0.01537400,-0.08652319,-0.06263225,-0.07059469,0.13281900,-0.00669400,-0.00669400,0.00734206,-0.04503463,-0.09284500,0.13852500,-0.01334400,-0.01334400,-0.16639494,-0.10967056,0.10617231,0.14928000,-0.07141200,-0.07141200,-2.42035747,-2.21512560,-1.83858185,2.27861000,0.59025000,0.59025000,-0.03628338,0.00000000,0.00000000,0.15834900,0.00000000,0.00000000,0.00000000,0.00000000,0.00000000,0.00000000,0.00000000,0.00000000,0.56024486,-0.50145334,-2.43408876,45.26060000,-17.76390000,-17.76390000,-2.41114403,-2.05349455,-1.47993083,11.08850000,-1.99340000,-1.99340000,-0.84714417,-1.01205447,0.00000000,10.50440000,-0.13230000,-0.13230000,-2.82367155,-1.23089771,1.35683516,0.99210000,-0.64520000,-0.64520000,0.01326118,0.25361000,-0.07882412,0.21392000,-0.08276588,0.24630000,-0.43208776,0.03040400,0.06534300,0.07146100,0.03195613,0.19049900,-1.63457435,0.10647000,-0.32639724,0.07045300,0.00530229,0.00538800,0.01947318,0.02258000,0.00000000,0.00000000,-0.00158206,0.00530330,-0.00040136,-0.00040136,0.06534300,0.05279844,0.07146100,0.05471300,0.05471300,,,,,,,,,,,,
ORLY US Equity,6/30/2005,6/30/2008,0,-25%,0.15231553,-0.00071216,-0.00362791,0.43147400,0.00569900,0.00569900,0.04999112,-0.00256638,-0.00052119,0.11312800,-0.00033300,-0.00033300,0.03509435,-0.00325377,-0.00136021,0.07025100,0.00026700,0.00026700,-0.09388071,-0.04912708,-0.09573108,0.13817500,-0.00620400,-0.00620400,0.03527776,-0.00380661,0.00092745,0.11953000,-0.00154000,-0.00154000,-0.03556953,-0.01197778,0.08676853,-0.00210300,-0.02805000,-0.02805000,-0.21176512,-0.07404237,-0.14815281,0.22250900,-0.01156300,-0.01156300,-0.09328524,-0.03925736,-0.07926024,0.13817500,-0.00620400,-0.00620400,0.03951581,0.01990650,-0.02254750,0.15611000,0.00588100,0.00588100,-0.35275438,-0.21680319,-0.22777025,0.16052000,-0.10506600,-0.10506600,-3.27771312,-3.90865749,-3.07673562,1.87218000,-0.28058000,-0.28058000,0.07090106,0.00000000,0.00000000,0.18632200,0.00000000,0.00000000,0.00000000,0.00000000,0.00000000,0.00000000,0.00000000,0.00000000,0.99000620,0.25639348,0.37817039,99.59350000,61.31560000,61.31560000,-1.95093258,-1.89334013,-1.94972643,18.16120000,6.52890000,6.52890000,-0.52045187,-0.44594778,0.00000000,12.57660000,1.58820000,1.58820000,-0.98462253,0.24075547,2.00440584,0.99210000,0.00000000,0.00000000,-0.11048176,0.18325000,-0.08720882,0.24073000,-0.09135000,0.22636000,-0.42332094,0.05644200,0.02526106,0.02897800,0.05081729,0.20110100,-1.53004947,0.09683700,-0.33048853,0.06284300,-0.00072118,-0.00069400,0.01553012,0.01852600,0.00000000,0.00000000,-0.00477641,0.00391344,-0.00166149,-0.00166149,0.02526106,-0.12497357,0.02897800,-0.13318800,-0.13318800,,,,,,,,,,,,
ORLY US Equity,12/31/2005,12/31/2008,0,-4%,0.15301318,0.00542076,-0.00166682,0.43636400,0.00707400,0.00707400,0.06456135,0.02169129,0.01122048,0.12346400,0.01528300,0.01528300,0.04522053,0.01735412,0.00570459,0.08031300,0.01348400,0.01348400,-0.05469041,0.03104596,-0.04957585,0.15692300,0.02410400,0.02410400,0.03740400,0.00826100,0.00436469,0.13496900,0.02113800,0.02113800,-0.04500659,-0.02991894,0.03130822,0.00042400,-0.02137200,-0.02137200,-0.15438518,0.04936845,-0.07313836,0.24123600,0.02623100,0.02623100,-0.05826524,0.02825795,-0.03437430,0.15114600,0.01832700,0.01832700,0.09746076,0.09011870,0.04508408,0.18828100,0.04975600,0.04975600,0.22101535,0.38741029,0.27773973,0.42805200,0.27877200,0.27877200,-2.71801094,-0.29765347,-2.51277907,2.06685000,-0.21176000,-0.21176000,0.19295753,0.22924090,0.00000000,0.28778900,0.12944000,0.12944000,0.00000000,0.00000000,0.00000000,0.00000000,0.00000000,0.00000000,3.97514552,3.41490067,2.91344733,2050.14590000,2004.88530000,2004.88530000,-1.86746576,0.54367827,-1.50981628,17.74180000,6.65330000,6.65330000,-0.31966017,0.52748400,-0.48457047,11.83840000,1.33400000,1.33400000,-1.02365600,1.80001555,0.56911785,0.99210000,0.00000000,0.00000000,-0.04754412,0.16307000,-0.08378706,0.24317000,-0.07786412,0.23481000,-0.40808853,0.05566600,0.02595335,0.02978600,0.06540341,0.22003800,-1.37924847,0.08795300,-0.33085982,0.05862700,0.00005865,0.00015100,0.01739382,0.02051000,0.00000000,0.00000000,-0.00845177,0.00418807,-0.00111523,-0.00111523,0.02595335,-0.03938965,0.02978600,-0.04167500,-0.04167500,,,,,,,,,,,,
ORLY US Equity,6/30/2006,6/30/2009,0,22%,0.14855212,-0.00376341,-0.00447557,0.44002200,0.00854800,0.00854800,0.06389012,0.01389900,0.01133262,0.12537300,0.01224500,0.01224500,0.05391094,0.01881659,0.01556282,0.08144500,0.01119400,0.01119400,-0.02651924,0.06736147,0.01823439,0.15443400,0.01625900,0.01625900,0.03402535,-0.00125241,-0.00505902,0.13347100,0.01394100,0.01394100,-0.02629665,0.00927288,-0.00270490,-0.00293100,-0.00082800,-0.00082800,-0.14107665,0.07068847,-0.00335390,0.23773000,0.01522100,0.01522100,-0.04203394,0.05125129,0.01199393,0.14918700,0.01101200,0.01101200,0.10954176,0.07002595,0.08993245,0.16863600,0.01252600,0.01252600,0.39482571,0.74758008,0.53077689,0.35484000,0.19432000,0.19432000,-1.89091194,1.38680118,-2.52185632,2.11733000,0.24515000,0.24515000,0.07672753,0.00582647,0.00000000,0.23934400,0.05302200,0.05302200,0.00000000,0.00000000,0.00000000,0.00000000,0.00000000,0.00000000,2.51296469,1.52295849,1.77935198,2314.01980000,2214.42630000,2214.42630000,0.28344944,2.23438202,0.34104189,16.91970000,-1.24150000,-1.24150000,-0.29071129,0.22974058,-0.21620720,10.69200000,-1.88460000,-1.88460000,-1.22020238,-0.23557985,0.00517562,0.99210000,0.00000000,0.00000000,0.03313941,0.30664000,-0.05417294,0.23525000,-0.03468647,0.26381000,-0.44865418,0.03353500,0.04199588,0.04633500,0.06146635,0.21857700,-1.46263124,0.08000500,-0.35170576,0.05267500,-0.00091435,-0.00102700,0.01819806,0.02097600,0.00000000,0.00000000,-0.01619341,0.00479551,0.00088207,0.00088207,0.04199588,0.01673482,0.04633500,0.01735700,0.01735700,,,,,,,,,,,,
ORLY US Equity,6/30/2007,6/30/2010,0,30%,0.14917482,0.00062271,-0.00314071,0.44317600,0.00315400,0.00315400,0.07605924,0.01216912,0.02606812,0.12350600,-0.00186700,-0.00186700,0.06844200,0.01453106,0.03334765,0.07816500,-0.00328000,-0.00328000,0.00995135,0.03647059,0.10383206,0.13688900,-0.01754500,-0.01754500,0.09525053,0.06122518,0.05997276,0.12345700,-0.01001400,-0.01001400,0.18072094,0.20701759,0.21629047,0.00095300,0.00388400,0.00388400,-0.09888453,0.04219212,0.11288059,0.21629200,-0.02143800,-0.02143800,-0.00776600,0.03426794,0.08551924,0.13688900,-0.01229800,-0.01229800,0.07636324,-0.03317853,0.03684742,0.10345500,-0.06518100,-0.06518100,0.19524165,-0.19958406,0.54799602,0.05902600,-0.29581400,-0.29581400,0.16543647,2.05634841,3.44314959,2.54058000,0.42325000,0.42325000,-0.07797253,-0.15470006,-0.14887359,0.09833200,-0.14101200,-0.14101200,0.00000000,0.00000000,0.00000000,0.00000000,0.00000000,0.00000000,3.34702254,0.83405785,2.35701635,1055.66280000,-1258.35700000,-1258.35700000,0.53361618,0.25016674,2.48454876,16.55290000,-0.36680000,-0.36680000,-0.29445736,-0.00374607,0.22599451,11.42750000,0.73550000,0.73550000,-1.36767873,-0.14747635,-0.38305620,0.99210000,0.00000000,0.00000000,-0.09568059,0.16614000,-0.09274176,0.19650000,-0.08382706,0.23012000,-0.48661941,0.00511100,0.29113276,0.31203400,0.07646182,0.20154200,-1.63361188,0.06741800,-0.35853624,0.04605900,0.00043082,0.00039800,0.02149965,0.02524800,0.00000000,0.00000000,-0.00761052,0.00348822,-0.00130728,-0.00130728,0.29113276,0.24913688,0.31203400,0.26569900,0.26569900,,,,,,,,,,,,
ORLY US Equity,12/31/2008,12/31/2011,0,160%,0.16063688,0.00991806,0.01749171,0.45516600,0.01094800,0.01094800,0.06878159,-0.00371447,0.00193006,0.09383800,-0.02714200,-0.02714200,0.08489965,0.01379206,0.00854129,0.05207000,-0.02483900,-0.02483900,0.04042371,0.02386835,0.02653329,0.09612700,-0.03509800,-0.03509800,0.04153471,0.00786135,-0.04888912,0.08416300,-0.03503100,-0.03503100,4.27822518,3.99173265,4.02524447,-0.01051100,-0.01499600,-0.01499600,-0.43517541,-0.27386876,-0.31655553,0.17323500,-0.03318700,-0.03318700,-0.23339588,-0.19391318,-0.21727688,0.10588900,-0.02533600,-0.02533600,0.46738947,0.36872812,0.40403394,0.41796200,0.31324300,0.31324300,0.62556194,-0.78841912,0.35105900,-0.03998200,-0.12928200,-0.12928200,-0.28521882,-0.54970235,-0.14448565,2.98542000,-0.00876000,-0.00876000,0.38213965,0.26543688,0.39410259,0.16798200,0.06188900,0.06188900,0.86118400,1.10709053,0.00000000,-0.47798500,0.12304400,0.12304400,1.48805794,0.14124142,-2.55732462,55.67720000,-158.96700000,-158.96700000,-0.64566874,-0.89389398,-1.41451392,16.23230000,3.57170000,3.57170000,-0.38049744,0.31953112,-0.07450694,10.80220000,0.93270000,0.93270000,-2.14971798,0.06447980,-0.91501833,0.99210000,0.00000000,0.00000000,-0.54155824,0.27403000,-0.59796118,0.71924000,-0.37515294,0.48804000,-0.30790488,0.23264200,0.00223541,0.00425600,0.07604535,0.14257700,-8.86067547,0.32104500,-0.25957218,0.17472900,0.00031359,-0.00059500,0.00263876,0.00407500,0.01633071,0.06273700,-0.01630090,0.00215597,-0.00155112,-0.00155112,0.00223541,-0.04870188,0.00425600,-0.05233000,-0.05233000,,,,,,,,,,,,
ORLY US Equity,6/30/2009,6/30/2012,0,120%,0.16818024,0.01543800,0.01900541,0.46730500,0.02033800,0.02033800,0.07088288,-0.00268918,-0.00517635,0.09396300,-0.02410300,-0.02410300,0.06840629,-0.01920753,-0.00003571,0.05008900,-0.02473800,-0.02473800,-0.02563853,-0.13965782,-0.03558988,0.11083700,-0.01116500,-0.01116500,0.06298818,0.02454747,-0.03226235,0.10385600,-0.00884800,-0.00884800,0.15364094,-0.20214653,-0.02708000,-0.04091400,-0.06239300,-0.06239300,-0.39436806,-0.28548853,-0.29548353,0.20792200,0.01542100,0.01542100,-0.20165747,-0.17970541,-0.19389147,0.12013300,-0.00186900,-0.00186900,0.85328200,0.75160041,0.77691876,0.77360800,0.68861200,0.68861200,0.62588359,-9.72926506,0.43064194,0.18724100,0.14858600,0.14858600,-0.96407765,-1.26532529,-1.12951412,2.35837000,-0.87119000,-0.87119000,0.27605482,0.10386647,0.35402735,0.16798200,0.09358100,0.09358100,-0.87743288,-0.56918529,0.00000000,-0.47798500,-0.40904400,-0.40904400,1.35675107,0.16340379,-1.99027147,55.67720000,9.15810000,9.15810000,0.91513096,1.14089498,0.38151479,25.18440000,17.30300000,17.30300000,-0.51922924,0.68977006,-0.22477187,10.80220000,4.36460000,4.36460000,-3.11601458,-0.06041507,-1.74833585,0.99210000,0.00000000,0.00000000,-0.47794941,0.21359000,-0.47815118,0.34299000,-0.47642647,0.51695000,-0.26192894,0.23078300,-0.09552559,0.00312100,0.11170959,0.17214000,-6.87277894,0.32155000,-0.21418665,0.17441100,-0.00583882,-0.00266200,-0.00233541,0.00296000,0.06209971,0.10769000,-0.00840375,0.00228557,-0.00291223,-0.00291223,-0.09552559,-0.02130318,0.00312100,0.08019300,0.08019300,,,,,,,,,,,,
ORLY US Equity,12/31/2009,12/31/2012,0,135%,0.17568188,0.01504500,0.02496306,0.47998700,0.02482100,0.02482100,0.06297635,-0.00580524,-0.00951971,0.11091600,0.01707800,0.01707800,0.04002688,-0.04487276,-0.03108071,0.06344000,0.01137000,0.01137000,-0.25041506,-0.29083876,-0.26697041,0.12378900,0.02766200,0.02766200,0.02285282,-0.01868188,-0.01082053,0.09917500,0.01501200,0.01501200,0.13474276,-4.14348241,-0.15174976,-0.02472700,-0.01421600,-0.01421600,-0.66741571,-0.23224029,-0.50610906,0.21642900,0.04319400,0.04319400,-0.27065218,-0.03725629,-0.23116947,0.12483000,0.01894100,0.01894100,0.42191206,-0.04547741,0.32325071,0.35523300,-0.06272900,-0.06272900,0.30403018,-0.32153176,-1.10995088,0.65115600,0.69113800,0.69113800,-0.00301059,0.28220824,-0.26749412,2.85200000,-0.13342000,-0.13342000,-0.06951700,-0.45165665,-0.18621976,0.16798200,0.00000000,0.00000000,-0.64846341,-1.50964741,-0.40255688,-0.46501900,0.01296600,0.01296600,1.00328093,-0.48477701,-0.34353559,55.67720000,0.00000000,0.00000000,-0.05337997,0.59228877,-0.30160521,21.05220000,4.81990000,4.81990000,-0.40387157,-0.02337413,0.29615699,10.80220000,0.00000000,0.00000000,-3.29514463,-1.14542665,-1.08094685,0.99210000,0.00000000,0.00000000,-0.16674059,0.11772000,-0.19703882,0.32995000,-0.35310059,0.38452000,-0.25552288,0.21970000,0.00248406,0.00373400,0.04819400,0.16563700,-4.89674582,0.29441100,-0.21910971,0.16537800,-0.00463006,-0.00163900,-0.00179465,0.00360700,0.01983759,0.05930800,-0.01113641,0.00194142,-0.00021455,-0.00021455,0.00248406,0.00024865,0.00373400,-0.00052200,-0.00052200,,,,,,,,,,,,
ORLY US Equity,6/30/2010,6/30/2013,0,140%,0.18024976,0.01206953,0.02750753,0.48516600,0.01786100,0.01786100,0.06482241,-0.00606047,-0.00874965,0.12255800,0.02859500,0.02859500,0.04009724,-0.02830906,-0.04751659,0.06994000,0.01985100,0.01985100,-0.28232782,-0.25668929,-0.39634712,0.13174000,0.02090300,0.02090300,0.02542718,-0.03756100,-0.01301353,0.11146500,0.00760900,0.00760900,0.50208659,0.34844565,0.14629912,0.01854400,0.05945800,0.05945800,-0.70380982,-0.30944176,-0.59493029,0.23085400,0.02293200,0.02293200,-0.30657941,-0.10492194,-0.28462735,0.13802800,0.01789500,0.01789500,0.06516947,-0.78811253,-0.03651212,0.09743900,-0.67616900,-0.67616900,0.11741035,-0.50847324,-10.23773829,0.53236900,0.34512800,0.34512800,2.40704824,3.37112588,2.10580059,4.88180000,2.52343000,2.52343000,-0.09797700,-0.37403182,-0.27016535,0.16798200,0.00000000,0.00000000,-0.39550906,0.48192382,-0.08726147,-0.46501900,0.01296600,0.01296600,1.69752063,0.34076956,0.50417335,53.65570000,-2.02150000,-2.02150000,0.39054151,-0.52458946,0.61630552,14.64200000,-10.54240000,-10.54240000,-1.32243942,-0.80321018,-0.11344012,10.80220000,0.00000000,0.00000000,-3.14996935,-0.03395477,-0.09436984,0.99210000,0.00000000,0.00000000,-0.19141529,0.18448000,-0.28180882,0.29555000,-0.23878765,0.27612000,-0.36625529,0.15726800,0.01142476,0.00883100,0.05359653,0.18389400,-5.43191512,0.19941700,-0.30209059,0.11886100,0.00264718,0.00209300,0.00344582,0.00835400,0.02110429,0.06398200,-0.01908762,0.00173269,-0.00055288,-0.00055288,0.01142476,0.10695035,0.00883100,0.00571000,0.00571000,,,,,,,,,,,,
ORLY US Equity,12/31/2010,12/31/2013,0,113%,0.18142265,0.00574076,0.02078576,0.48559100,0.00560400,0.00560400,0.07124982,0.00827347,0.00246824,0.13205600,0.02114000,0.02114000,0.04621682,0.00618994,-0.03868282,0.07769700,0.01425700,0.01425700,-0.28451053,-0.03409547,-0.32493424,0.14226800,0.01847900,0.01847900,0.03229300,0.00944018,-0.00924171,0.12065200,0.02147700,0.02147700,0.30477106,0.17002829,-3.97345412,0.03969900,0.06442600,0.06442600,-0.64595600,0.02145971,-0.21078059,0.24180100,0.02537200,0.02537200,-0.29747271,-0.02682053,-0.06407682,0.14691000,0.02208000,0.02208000,0.01220571,-0.40970635,-0.45518376,0.11356600,-0.24166700,-0.24166700,-0.29219847,-0.59622865,-0.91776041,0.36382400,-0.28733200,-0.28733200,4.19597118,4.19898176,4.48119000,7.03687000,4.18487000,4.18487000,0.00213941,0.07165641,-0.38000024,0.16798200,0.00000000,0.00000000,1.17833941,1.82680282,0.31715541,1.60089400,2.06591300,2.06591300,0.65794847,-0.34533246,-0.83010947,24.72650000,-30.95070000,-30.95070000,0.36815779,0.42153776,1.01382653,12.57630000,-8.47590000,-8.47590000,-1.89364487,-1.48977330,-1.51314744,10.12300000,-0.67920000,-0.67920000,-2.94007401,0.35507062,-0.79035603,0.99210000,0.00000000,0.00000000,-0.11446000,0.12351000,-0.19306765,0.18610000,-0.22361588,0.22340000,-0.41273159,0.09219400,0.01947582,0.02139000,0.06257894,0.20234900,-4.34661412,0.11175700,-0.34003429,0.07106100,0.00936341,0.00943000,0.01389853,0.01961700,0.02563153,0.06833300,-0.01166281,0.00153125,-0.00041017,-0.00041017,0.01947582,0.01699176,0.02139000,0.01765600,0.01765600,,,,,,,,,,,,
ORLY US Equity,6/30/2011,6/30/2014,0,130%,0.18416271,0.00391294,0.01598247,0.48558800,0.00042200,0.00042200,0.07780412,0.01298171,0.00692124,0.13968100,0.01712300,0.01712300,0.04852912,0.00843188,-0.01987718,0.08190900,0.01196900,0.01196900,-0.29379959,-0.01147176,-0.26816106,0.15074300,0.01900300,0.01900300,0.04122924,0.01580206,-0.02175894,0.13380200,0.02233700,0.02233700,0.27059024,-0.23149635,0.11694929,0.06462900,0.04608500,0.04608500,-0.62716806,0.07664176,-0.23280000,0.25706500,0.02621100,0.02621100,-0.30173688,0.00484253,-0.10007941,0.15555400,0.01752600,0.01752600,-0.02231982,-0.08748929,-0.87560182,0.09915700,0.00171800,0.00171800,-0.58692335,-0.70433371,-1.21280694,0.28726400,-0.24510500,-0.24510500,5.93020765,3.52315941,6.89428529,9.09412000,4.21232000,4.21232000,0.07214824,0.17012524,-0.20390659,0.16798200,0.00000000,0.00000000,0.61128359,1.00679265,1.48871647,1.14914000,1.61415900,1.61415900,-0.36074153,-2.05826216,-1.71749260,15.81240000,-37.84330000,-37.84330000,0.26003428,-0.13050723,-0.65509668,10.04630000,-4.59570000,-4.59570000,0.05035660,1.37279602,0.56958584,9.68240000,-1.11980000,-1.11980000,-2.41383417,0.73613518,0.70218041,0.99210000,0.00000000,0.00000000,-0.11266176,0.15779000,-0.25073294,0.15829000,-0.19462471,0.19989000,-0.46513141,0.06291500,0.03721988,0.03958100,0.07841259,0.21822200,-4.21250747,0.15810100,-0.32182494,0.09291100,0.01085665,0.01154600,0.01514188,0.01824100,-0.02351882,0.05308200,-0.01085663,0.00165992,-0.00007277,-0.00007277,0.03721988,0.02579512,0.03958100,0.03075000,0.03075000,,,,,,,,,,,,
ORLY US Equity,12/31/2011,12/31/2014,0,141%,0.19035535,0.00893271,0.01467347,0.49014300,0.00455200,0.00455200,0.08578576,0.01453594,0.02280941,0.14973100,0.01767500,0.01767500,0.05256206,0.00634524,0.01253518,0.08769900,0.01000200,0.01000200,-0.26921471,0.01529582,-0.01879965,0.16770000,0.02543200,0.02543200,0.04719394,0.01490094,0.02434112,0.14580600,0.02515400,0.02515400,0.48604871,0.18127765,0.35130594,0.07776100,0.03806200,0.03806200,-0.58450294,0.06145306,0.08291276,0.28632000,0.04451900,0.04451900,-0.29844059,-0.00096788,-0.02778841,0.17243200,0.02552200,0.02552200,-0.05203618,-0.06424188,-0.47394824,0.07249500,-0.04107100,-0.04107100,-0.38176541,-0.08956694,-0.68579559,0.21055200,-0.15327200,-0.15327200,8.09383824,3.89786706,8.09684882,11.18991000,4.15304000,4.15304000,0.05147529,0.04933588,0.12099229,0.18122300,0.01324100,0.01324100,6.69166924,5.51332982,7.34013265,6.43862400,4.83773000,4.83773000,-0.19023896,-0.84818743,-1.19351989,13.61690000,-11.10960000,-11.10960000,0.30393775,-0.06422004,0.35731772,9.47640000,-3.09990000,-3.09990000,0.18452482,2.07816970,0.58839639,10.26880000,0.14580000,0.14580000,-1.37542047,1.56465354,1.91972416,0.99210000,0.00000000,0.00000000,-0.09111235,0.23247000,-0.21338118,0.26110000,-0.22163824,0.22833000,-0.41895812,0.11970700,0.02363129,0.02566400,0.09396418,0.24040700,-4.44838565,0.28035700,-0.28241818,0.14500000,0.00978865,0.00991300,0.01151606,0.01403000,-0.02573794,0.04871700,-0.01333023,0.00148045,-0.00005080,-0.00005080,0.02363129,0.00415547,0.02566400,0.00427400,0.00427400,,,,,,,,,,,,
