T US Equity,6/30/2000,6/30/2003,0,-42%,-0.29101454,-0.03886590,-0.08426636,0.13410300,0.00000000,0.00000000,0.75671277,0.49699639,0.48924141,0.22256100,-0.02398100,-0.02398100,0.98764381,0.70270581,0.61563301,0.15458500,0.00048300,0.00048300,0.84652817,-0.15084270,0.03215149,0.36999500,-0.21372400,-0.21372400,0.10506848,0.05334464,0.05357437,0.14955600,0.06548100,0.06548100,0.06082050,-0.00234471,-0.01542827,0.01998800,-0.02071200,-0.02071200,0.99826152,-0.02358660,0.11506117,0.53269100,-0.40118100,-0.40118100,0.83945931,0.06191135,0.34207410,0.35793300,0.00437900,0.00437900,-0.21238938,-0.09455856,-0.35534088,0.06972700,-0.21598300,-0.21598300,0.29161265,-0.27483667,5.87936232,0.07308500,-0.19040700,-0.19040700,126.69839142,10.64512433,45.28325375,139.92000000,16.69000000,16.69000000,-0.36552683,-0.37135340,-0.97181217,0.04433000,-0.30915000,-0.30915000,-0.17613482,-0.87307332,-0.55654709,-0.60390900,-1.05727800,-1.05727800,0.53847954,0.11660885,0.33796508,50.31910000,7.66950000,7.66950000,-1.62566752,0.19699563,0.21579960,12.51190000,2.23720000,2.23720000,-0.36441471,0.30932097,0.68238495,9.07360000,2.22030000,2.22030000,-2.04566348,-0.10167902,0.00050724,0.73760000,0.15840000,0.15840000,-0.32173297,0.35919000,-0.51417667,0.44901000,-0.38732100,0.43769000,0.15151603,0.45226300,0.00506494,0.00434200,0.00000000,0.00000000,-3.83494082,0.90710100,-0.15543858,0.28225400,0.05071822,0.00115800,0.02192581,0.00543600,-2.00392739,0.07863500,-0.06948089,0.00008436,-0.00000473,-0.00000473,0.00506494,-0.00363402,0.00434200,-0.00414700,-0.00414700,,,,,,,,,,,,
T US Equity,12/31/2000,12/31/2003,0,-48%,-0.16755542,0.11668482,0.08126484,0.13410300,0.00000000,0.00000000,0.76795909,0.36953120,0.51749952,0.20898700,-0.02513600,-0.02513600,0.86295506,0.38060844,0.66740733,0.15498500,-0.00971700,-0.00971700,0.93997256,0.11903640,0.14415975,0.27862000,-0.05103700,-0.05103700,0.09238563,-0.00947453,0.04292868,0.11280100,-0.02575100,-0.02575100,0.21433280,0.16184813,0.14092094,0.00095200,-0.03695200,-0.03695200,0.74232544,0.12895321,-0.13363706,0.37570200,-0.09290400,-0.09290400,0.91995259,0.11208730,0.32401119,0.27089100,-0.02967500,-0.02967500,-0.41570610,-0.24513426,-0.54418710,0.03768800,-0.03440100,-0.03440100,1.01566187,0.64074578,-3.27357436,-0.02353200,-0.08452000,-0.08452000,104.90539035,-45.98164034,26.19237753,116.65000000,-49.13000000,-49.13000000,-0.17755834,-0.36992330,-1.07474649,-0.04064300,-0.26936300,-0.26936300,-0.80012261,-1.64958701,-0.94614103,-0.99197500,-1.44534400,-1.44534400,4.17948970,3.83879977,4.28379778,1047.86200000,1021.37090000,1021.37090000,-1.37231799,0.35764585,0.05138635,16.11950000,4.84680000,4.84680000,-0.22110170,0.23288019,0.49891448,9.72660000,0.45270000,0.45270000,-2.47751964,-0.74909434,-0.08015661,0.54060000,-0.10400000,-0.10400000,-0.35087692,0.84296000,-0.59777763,0.46678000,-0.47840371,0.45247000,0.08592069,0.44090600,0.00092979,0.00328800,0.00000000,0.00000000,-4.18495563,0.85224700,-0.15569744,0.26317000,0.07049797,0.00005900,0.02889109,0.00449300,-1.96898885,0.06801800,-0.34248552,0.00006616,-0.00001577,-0.00001577,0.00092979,-0.00316201,0.00328800,-0.00324200,-0.00324200,,,,,,,,,,,,
T US Equity,6/30/2001,6/30/2004,0,-39%,-0.20917426,0.08184028,0.04297437,0.13410300,0.00000000,0.00000000,0.54116232,-0.21555045,0.28144594,0.21161600,-0.01094500,-0.01094500,0.67019537,-0.31744844,0.38525737,0.16781200,0.01322700,0.01322700,0.98998853,0.14346036,-0.00738235,0.27201100,-0.09798400,-0.09798400,0.09197767,-0.01309081,0.04025383,0.10074200,-0.04881400,-0.04881400,0.41853377,0.35771327,0.35536856,0.00794500,-0.01204300,-0.01204300,0.79047986,-0.20778166,-0.23136826,0.34301500,-0.18967600,-0.18967600,0.95448815,0.11502884,0.17694019,0.25540800,-0.10252500,-0.10252500,-0.83982306,-0.62743368,-0.72199224,-0.05600200,-0.12572900,-0.12572900,0.35722967,0.06561701,-0.20921965,0.02476600,-0.04831900,-0.04831900,119.53036694,-7.16802448,3.47709985,131.35000000,-8.57000000,-8.57000000,0.01730455,0.38283138,0.01147798,0.04467700,0.00034700,0.00034700,1.31361523,1.48975005,0.61667673,1.20564700,1.80955600,1.80955600,1.90320313,1.36472359,1.48133244,125.90970000,75.59060000,75.59060000,-1.04243003,0.58323749,0.78023312,12.26300000,-0.24890000,-0.24890000,0.00152781,0.36594252,0.67526348,7.99140000,-1.08220000,-1.08220000,-5.76931802,-3.72365454,-3.82533356,0.62450000,-0.11310000,-0.11310000,-0.51788610,0.20782000,-0.51006075,0.28994000,-0.49983333,0.39090000,0.03957813,0.45276200,0.00321406,0.00363000,0.00000000,0.00000000,-10.05183484,0.86530200,-0.15690656,0.28191300,0.07690049,0.00039600,0.04030723,0.00485700,-1.87675122,0.06456500,-0.59048358,0.00007691,-0.00000745,-0.00000745,0.00321406,-0.00185088,0.00363000,-0.00071200,-0.00071200,,,,,,,,,,,,
T US Equity,12/31/2002,12/31/2005,0,-10%,-0.09598856,0.17260023,0.07156686,0.34848600,0.21438300,0.21438300,0.22983513,-0.15699714,-0.53812396,0.20276800,-0.01993800,-0.01993800,0.37205333,-0.46253394,-0.49090173,0.13364100,-0.01520000,-0.01520000,0.84073103,-0.13302557,-0.09924154,0.17438500,-0.04122800,-0.04122800,0.03074000,-0.05016880,-0.06164563,0.07587500,-0.01314200,-0.01314200,852237.86060580,852237.51370317,852237.64627300,0.09340600,0.06588200,0.06588200,0.34596935,-0.28125832,-0.39635609,0.26458800,-0.05802700,-0.05802700,0.87129976,-0.04626789,-0.04865283,0.22856100,0.01881700,0.01881700,-0.23061703,0.56001276,0.18508907,-0.06033800,0.04659700,0.04659700,-0.17142008,-3.07728878,-1.18708195,-0.15630000,-0.01396300,-0.01396300,127.90508263,-2.42980795,22.99969228,152.10000000,4.05000000,4.05000000,-1.12559497,-1.08628777,-0.94803663,-0.10402500,-0.10252500,-0.10252500,3.75820018,-71.66581702,4.55832279,1.47154500,-71.35247100,-71.35247100,-0.92719745,-1.43879276,-5.10668715,10.73020000,-25.66350000,-25.66350000,-1.63851242,-0.39615865,-0.26619443,7.12850000,-3.46520000,-3.46520000,-0.35523912,-0.26320251,-0.13413742,6.26920000,-1.85590000,-1.85590000,-3.47319337,-0.74673934,-0.99567373,0.61850000,-0.17930000,-0.17930000,-0.67715289,0.23441000,-0.78301512,0.46307000,-0.59759707,0.43456000,-0.26350998,0.33443200,0.00462173,0.00630800,0.00000000,0.00000000,-1901.89482388,0.66390600,-0.25781098,0.23187100,0.03102368,0.00381200,0.02240808,0.00690100,-1.79585381,0.05733600,-1.82227912,0.00008038,0.00001216,0.00001216,0.00462173,-0.00067321,0.00630800,0.00185100,0.00185100,,,,,,,,,,,,
T US Equity,12/31/2003,12/31/2006,0,37%,0.10031285,0.19630140,0.36890163,0.59226800,0.24378200,0.24378200,0.11481398,-0.11502115,-0.27201829,0.15838700,-0.04438100,-0.04438100,0.21182566,-0.16022767,-0.62276160,0.20840800,0.07476700,0.07476700,0.85616830,0.01543727,-0.11758830,0.27996200,0.10557700,0.10557700,-0.00819406,-0.03893406,-0.08910286,0.06046800,-0.01540700,-0.01540700,0.16330355,-852237.69730225,-0.18359908,0.12904800,0.03564200,0.03564200,-0.50235060,-0.84831995,-1.12957826,0.20830700,-0.05628100,-0.05628100,1.44417773,0.57287796,0.52661007,0.20745300,-0.02110800,-0.02110800,-0.24879905,-0.01818202,0.54183074,-0.05320100,0.00713700,0.00713700,-0.25036544,-0.07894535,-3.15623413,0.47649600,0.63279600,0.63279600,111.05067795,-16.85440468,-19.28421263,145.51000000,-6.59000000,-6.59000000,-0.21141300,0.91418197,-0.17210579,-0.11291500,-0.00889000,-0.00889000,3.68340563,-0.07479455,-71.74061157,-0.22794200,-1.69948700,-1.69948700,-0.87267220,0.05452525,-1.38426751,9.10800000,-1.62220000,-1.62220000,-1.14387571,0.49463671,0.09847806,5.95960000,-1.16890000,-1.16890000,-0.46792145,-0.11268233,-0.37588483,5.64900000,-0.62020000,-0.62020000,-2.05849910,1.41469428,0.66795494,1.02770000,0.40920000,0.40920000,-0.34159478,0.16625000,-0.39943956,0.21373000,-0.46331891,0.34263000,-0.12946977,0.23252400,0.00623618,0.00795300,0.78181712,0.87116700,-14.01100324,0.48181700,-0.26132070,0.18021300,0.01771585,0.00520700,0.00288866,0.00797000,-1.71316271,0.06180900,-0.05939184,0.00008212,0.00000174,0.00000174,0.00623618,0.00161445,0.00795300,0.00164500,0.00164500,,,,,,,,,,,,
T US Equity,6/30/2004,6/30/2007,0,71%,0.09194774,0.11436930,0.38451617,0.57922700,0.13869300,0.13869300,0.07858349,-0.08814054,-0.18839524,0.14353900,-0.04154700,-0.04154700,0.17855383,-0.23605780,-0.55572841,0.12889500,-0.11672100,-0.11672100,0.73184095,-0.25065831,-0.39258160,0.13521300,-0.16207900,-0.16207900,-0.01649238,-0.02084295,-0.08580079,0.04639200,-0.01374800,-0.01374800,0.27719755,-0.12616737,-0.00421184,0.12904800,0.01007400,0.01007400,-0.64490698,-0.65467898,-0.96758040,0.15057500,-0.07345300,-0.07345300,1.31132149,0.46784051,0.44618520,0.13797600,-0.08642400,-0.08642400,-0.22812927,0.00664438,0.20711127,-0.03970700,0.01176600,0.01176600,-0.90710821,-0.85155613,-2.65637265,-0.49605500,-1.66965900,-1.66965900,104.15021365,-12.36724324,-28.39752535,145.51000000,-8.33000000,-8.33000000,-0.33727598,4.19878543,-0.12008989,-0.11291500,-0.00696300,-0.00696300,1.63617700,-0.76542570,-1.68894822,-0.19233500,-0.35992100,-0.35992100,-0.70210684,0.57471791,-0.24183847,9.10800000,0.70140000,0.70140000,-0.72637480,-0.07672934,0.73338793,5.95960000,-0.43060000,-0.43060000,-0.73986572,-0.42510148,-0.46988253,5.64900000,-0.47300000,-0.47300000,-1.09310735,1.73953136,1.06918577,1.13240000,0.46170000,0.46170000,-0.35311106,0.17091000,-0.39974400,0.16326000,-0.40548522,0.23214000,-0.23135247,0.09999600,0.00762670,0.00795300,0.65864544,0.76280100,-19.72307488,0.44862500,-0.24751388,0.17547900,-0.00092725,0.00520700,-0.02939688,0.00797000,-1.68254861,0.05615500,-0.04905314,0.00005958,-0.00001326,-0.00001326,0.00762670,0.00233085,0.00795300,-0.00070300,-0.00070300,,,,,,,,,,,,
T US Equity,12/31/2004,12/31/2007,0,61%,0.09611995,-0.00419290,0.19210851,0.57179200,-0.02047600,-0.02047600,0.06804837,-0.04676561,-0.16178676,0.14558800,-0.01279900,-0.01279900,0.17167956,-0.04014610,-0.20037376,0.14419500,-0.06421300,-0.06421300,0.74137200,-0.11479630,-0.09935903,0.15659000,-0.12337200,-0.12337200,-0.00713100,0.00106306,-0.03787100,0.04669200,-0.01377600,-0.01377600,-0.03128537,-0.19458892,-852237.89189116,0.00489000,-0.12415800,-0.12415800,-1.21593952,-0.71358893,-1.56190887,0.15159700,-0.05671000,-0.05671000,1.33739871,-0.10677902,0.46609894,0.13758900,-0.06986400,-0.06986400,-0.15642531,0.09237374,0.07419172,0.00146900,0.05467000,0.05467000,-13.33619788,-13.08583244,-13.16477779,-0.30709600,-0.78359200,-0.78359200,59.84132612,-51.20935183,-68.06375651,106.94000000,-38.57000000,-38.57000000,-0.04554902,0.16586398,1.08004595,-0.11291500,0.00000000,0.00000000,-0.68954212,-4.37294775,-4.44774230,-0.73710500,-0.50916300,-0.50916300,2.08236853,2.95504073,3.00956598,207.38160000,198.27360000,198.27360000,-2.47477572,-1.33090001,-0.83626330,10.40490000,4.44530000,4.44530000,-1.09048431,-0.62256286,-0.73524519,8.23550000,2.58650000,2.58650000,-2.93576323,-0.87726413,0.53743015,0.88690000,-0.14080000,-0.14080000,-0.38839851,0.06540000,-0.32965957,0.16243000,-0.35731913,0.19324000,0.04781223,0.38840100,0.00143061,0.00250100,0.53176009,0.63083100,-18.39831407,0.66573700,-0.17839228,0.24454700,-0.00295822,0.00015400,-0.03029883,0.00396600,-2.38095838,0.05331700,-0.03833392,0.00005269,-0.00002942,-0.00002942,0.00143061,-0.00480557,0.00250100,-0.00545200,-0.00545200,,,,,,,,,,,,
T US Equity,6/30/2005,6/30/2008,0,42%,0.08474552,-0.00720222,0.10716708,0.56773800,-0.01148900,-0.01148900,0.07309450,-0.00548899,-0.09362953,0.14629100,0.00275200,0.00275200,0.07096950,-0.10758433,-0.34364213,0.11343100,-0.01546400,-0.01546400,0.56922510,-0.16261585,-0.41327416,0.11701700,-0.01819600,-0.01819600,-0.00062538,0.01586699,-0.00497596,0.04539400,-0.00099800,-0.00099800,0.01238781,-0.26480974,-0.39097711,-0.00770500,-0.13675300,-0.13675300,-1.02833523,-0.38342825,-1.03810723,0.15091600,0.00034100,0.00034100,1.23658078,-0.07474071,0.39309981,0.12482000,-0.01315600,-0.01315600,-0.12514669,0.10298258,0.10962696,0.01265100,0.05235800,0.05235800,-0.94041785,-0.03330964,-0.88486577,-0.10884100,0.38721400,0.38721400,46.94661050,-57.20360315,-69.57084639,99.37000000,-46.14000000,-46.14000000,-0.32562924,0.01164674,4.21043217,-0.11291500,0.00000000,0.00000000,0.15937791,-1.47679909,-2.24222480,-0.01569300,0.17664200,0.17664200,1.63973351,2.34184035,2.91655826,190.72340000,181.61540000,181.61540000,-2.50964575,-1.78327095,-1.86000029,10.38720000,4.42760000,4.42760000,-1.01114741,-0.27128169,-0.69638317,7.69940000,2.05040000,2.05040000,-1.37403930,-0.28093195,1.45859942,0.67210000,-0.46030000,-0.46030000,-0.24645532,0.10662000,-0.37647234,0.11460000,-0.34985936,0.15099000,0.26891500,0.37657000,0.00267763,0.00232200,0.37620921,0.45855500,-27.81126902,0.62011600,-0.15346784,0.23764900,-0.01376295,-0.00024100,-0.03328652,0.00395800,0.01716236,0.06033500,-0.03163883,0.00004236,-0.00001723,-0.00001723,0.00267763,-0.00494907,0.00232200,-0.00563100,-0.00563100,,,,,,,,,,,,
T US Equity,12/31/2005,12/31/2008,0,16%,0.07867253,-0.01744742,-0.02164031,0.56578600,-0.00600600,-0.00600600,0.14416284,0.07611448,0.02934887,0.14089300,-0.00469500,-0.00469500,0.06382364,-0.10785592,-0.14800202,0.10932400,-0.03487100,-0.03487100,0.34104427,-0.40032773,-0.51512403,0.10055300,-0.05603700,-0.05603700,0.45083169,0.45796269,0.45902575,0.04758400,0.00089200,0.00089200,0.10833870,0.13962407,-0.05496485,0.07711800,0.07222800,0.07222800,-0.82393224,0.39200728,-0.32158165,0.12958800,-0.02200900,-0.02200900,1.05123186,-0.28616684,-0.39294586,0.12437800,-0.01321100,-0.01321100,-0.05965458,0.09677073,0.18914447,0.07028800,0.06881900,0.06881900,-1.39493251,11.94126536,-1.14456708,-0.18853800,0.11855800,0.11855800,81.33131671,21.48999059,-29.71936124,129.71000000,22.77000000,22.77000000,-0.14009009,-0.09454107,0.07132291,0.02220400,0.13511900,0.13511900,4.47852672,5.16806884,0.79512109,2.75227000,3.48937500,3.48937500,-1.22051034,-3.30287887,-0.34783814,11.35900000,-196.02260000,-196.02260000,-2.48348199,-0.00870627,-1.33960628,9.58220000,-0.82270000,-0.82270000,-0.59385075,0.49663356,-0.12592930,8.99940000,0.76390000,0.76390000,-1.75638279,1.17938043,0.30211630,0.47680000,-0.41010000,-0.41010000,-0.64160915,0.07364000,-0.45029064,0.13493000,-0.42262750,0.13379000,0.05667604,0.34419400,-0.00451533,0.00297000,0.24572629,0.29174600,-23.89120014,0.55896900,-0.15842004,0.20991300,-2.30111398,0.00239500,-2.51831088,0.00424300,0.00935328,0.05061300,-0.01835026,0.00003336,-0.00001933,-0.00001933,-0.00451533,-0.00594594,0.00297000,0.00046900,0.00046900,,,,,,,,,,,,
T US Equity,6/30/2006,6/30/2009,0,-11%,0.05421704,-0.03052848,-0.03773070,0.54790900,-0.01982900,-0.01982900,0.28083542,0.20774092,0.20225193,0.14412000,-0.00217100,-0.00217100,0.19568489,0.12471539,0.01713106,0.11242400,-0.00100700,-0.00100700,0.26105038,-0.30817472,-0.47079057,0.12826800,0.01125100,0.01125100,0.36998341,0.37060879,0.38647579,0.05828200,0.01288800,0.01288800,0.07386016,0.06147235,-0.20333739,0.07008600,0.07779100,0.07779100,-0.76179170,0.26654353,-0.11688472,0.16443100,0.01351500,0.01351500,0.93255367,-0.30402711,-0.37876782,0.15868500,0.03386500,0.03386500,0.18997543,0.31512212,0.41810470,0.33042500,0.31777400,0.31777400,-1.35620024,-0.41578239,-0.44909204,0.31862000,0.42746100,0.42746100,100.93275631,53.98614581,-3.21745734,150.90000000,51.53000000,51.53000000,-0.41314267,-0.08751343,-0.07586669,0.25883900,0.37175400,0.37175400,-0.06324373,-0.22262164,-1.69942073,-0.03106300,-0.01537000,-0.01537000,-2.65023970,-4.28997321,-1.94813286,13.24390000,-177.47950000,-177.47950000,-0.33397841,2.17566734,0.39239639,9.12530000,-1.26190000,-1.26190000,-0.56101194,0.45013547,0.17885378,8.15960000,0.46020000,0.46020000,-2.11613922,-0.74209992,-1.02303187,0.40500000,-0.26710000,-0.26710000,-0.62016813,0.10609000,-0.38773277,0.17158000,-0.36766958,0.15177000,0.06984741,0.34181200,0.00804809,0.00353500,0.16277527,0.20273600,-22.85050822,0.54937000,-0.17467929,0.21110500,-0.00596926,0.00249100,-0.04934623,0.00495200,0.02024540,0.06081400,-0.01663526,0.00004646,0.00000411,0.00000411,0.00804809,0.00537046,0.00353500,0.00121300,0.00121300,,,,,,,,,,,,
T US Equity,6/30/2007,6/30/2010,0,-42%,0.12331961,0.06910257,0.03857409,0.58961300,0.04170400,0.04170400,7.39334482,7.11250939,7.32025032,0.16783400,0.02371400,0.02371400,8.83964965,8.64396476,8.76868015,0.10952900,-0.00289500,-0.00289500,0.18158850,-0.07946188,-0.38763660,0.11793200,-0.01033600,-0.01033600,0.01100412,-0.35897929,0.01162951,0.05584700,-0.00243500,-0.00243500,0.05840156,-0.01545859,0.04601375,0.04652600,-0.02356000,-0.02356000,-0.53026614,0.23152555,0.49806908,0.18071000,0.01627900,0.01627900,0.80128642,-0.13126725,-0.43529436,0.13265100,-0.02603400,-0.02603400,0.44957464,0.25959921,0.57472133,0.64372800,0.31330300,0.31330300,3.12450400,4.48070424,4.06492185,0.60139700,0.28277700,0.28277700,177.79533354,76.86257723,130.84872304,235.41000000,84.51000000,84.51000000,0.53756459,0.95070725,0.86319383,0.84060200,0.58176300,0.58176300,1.70718027,1.77042399,1.54780236,1.58767800,1.61874100,1.61874100,-0.73426593,1.91597378,-2.37399943,17.82560000,4.58170000,4.58170000,0.31198029,0.64595870,2.82162604,13.26230000,4.13700000,4.13700000,-0.42279801,0.13821393,0.58834940,10.05110000,1.89150000,1.89150000,-2.29343861,-0.17729939,-0.91939931,0.39310000,-0.01190000,-0.01190000,-0.39671132,0.22963000,-0.32365717,0.18552000,-0.29809755,0.18189000,0.09764229,0.34097000,0.13826413,0.00280100,-0.15303306,-0.17097400,-17.56001892,0.55230600,-0.14897655,0.23067900,-6.13021211,0.00190900,-6.33784026,0.00381700,0.00501214,0.05929800,0.00915545,0.00001871,-0.00002776,-0.00002776,0.13826413,0.13021604,0.00280100,-0.00073400,-0.00073400,,,,,,,,,,,,
T US Equity,12/31/2008,12/31/2011,0,6%,0.36324351,0.22006425,0.26882859,0.60044500,-0.00957100,-0.00957100,9.77895946,2.51059860,2.22715150,0.18595000,0.01438400,0.01438400,12.17942747,3.40754255,3.15401041,0.10374300,0.00325400,0.00325400,0.26847085,-0.01605908,0.13876587,0.12155100,0.01803700,0.01803700,0.02141247,0.01575078,0.03643271,0.06369100,0.00805300,0.00805300,0.51203343,0.39762341,0.47866630,0.08325100,0.01745900,0.01745900,0.09090094,0.65599424,0.80319049,0.21786900,0.04114000,0.04114000,0.35575544,-0.50820213,-0.41663345,0.14236400,0.01774600,0.01774600,-0.06638030,-0.72950624,-0.32910186,0.04288300,-0.84321600,-0.84321600,-0.33109694,0.48413306,-0.87604720,0.07664600,-0.54801400,-0.54801400,263.35681228,-11.48015964,157.16390311,336.56000000,-5.86000000,-5.86000000,-0.15471090,-0.98231309,1.40379523,0.02298700,-1.05579500,-1.05579500,0.45584131,-0.25604133,0.56727919,0.21504600,-0.58341600,-0.58341600,-0.04331157,1.24664434,0.70845848,12.03960000,-3.32720000,-3.32720000,-1.46344981,-1.38693412,-2.12067552,7.16510000,-1.98490000,-1.98490000,-1.03477005,-0.05528997,-0.98465802,5.61520000,-1.84810000,-1.84810000,-3.86719670,-0.69990367,-1.47663741,0.17810000,-0.20440000,-0.20440000,-1.04284660,0.17201000,-0.53944887,0.75020000,-0.39094642,0.45439000,0.12023012,0.42722000,0.00492048,0.00329900,-0.33954967,-0.35707500,-3.28699974,0.77834300,-0.12939398,0.28272400,-5.64795478,0.00186400,-5.94967546,0.00448800,-3.18544400,0.04874000,0.22689403,0.00002805,0.00000897,0.00000897,0.00492048,-0.00227950,0.00329900,-0.00080400,-0.00080400,,,,,,,,,,,,
T US Equity,6/30/2009,6/30/2012,0,44%,0.41106978,0.26874666,0.28775017,0.59211300,-0.01996300,-0.01996300,3.85194974,-3.43019780,-3.54139508,0.17599100,-0.01520200,-0.01520200,5.34996692,-3.45137441,-3.48968273,0.09674500,-0.01327100,-0.01327100,0.23847806,-0.13931371,0.05688956,0.11359000,-0.00655400,-0.00655400,0.02473063,0.00808108,0.01372650,0.06916400,0.00252300,0.00252300,0.11321775,-0.02930127,0.05481618,0.12690700,0.06015300,0.06015300,0.87553840,1.36935978,1.40580455,0.20663400,-0.00216000,-0.00216000,0.34107590,-0.58119806,-0.46021051,0.12735300,-0.01056000,-0.01056000,-0.05903352,-0.25644646,-0.50860816,0.01238400,-0.34454500,-0.34454500,-1.53964925,-0.48556813,-4.66415325,-0.10973800,-0.47270100,-0.47270100,285.63883530,28.47169322,107.84350176,359.23000000,32.55000000,32.55000000,0.36716950,-0.86296513,-0.17039509,-0.05122400,-0.45966500,-0.45966500,0.16357798,0.39469651,-1.54360228,0.17638800,0.59101600,0.59101600,-0.59931697,-0.68241072,0.13494896,7.87350000,-7.45340000,-7.45340000,-0.51565776,-0.36319297,-0.82763804,6.02210000,-2.45870000,-2.45870000,-1.24805377,-0.02262536,-0.82525576,5.21180000,-1.12090000,-1.12090000,-4.39943109,-0.01197043,-2.10599249,0.27490000,0.01300000,0.01300000,-0.77698472,0.17422000,-0.52264547,0.25883000,-0.46756075,0.46786000,0.37855160,0.39476000,0.00478882,0.00380300,-0.31828646,-0.35707500,-3.49722333,0.77802200,-0.07530833,0.28635600,-5.53988026,0.00242400,-5.83979398,0.00468200,-3.18885083,0.04799000,0.08161687,0.00003706,0.00001160,0.00001160,0.00478882,-0.01338742,0.00380300,0.00080500,0.00080500,,,,,,,,,,,,
T US Equity,12/31/2009,12/31/2012,0,20%,0.32659627,-0.03664724,0.18341701,0.58710600,-0.01333900,-0.01333900,1.46439112,-8.31456834,-5.80396974,0.17266200,-0.01328800,-0.01328800,1.64773598,-10.53169149,-7.12414894,0.09986400,-0.00387900,-0.00387900,0.20380962,-0.06466123,-0.08072031,0.12375300,0.00220200,0.00220200,0.02764792,0.00623545,0.02198623,0.06971400,0.00602300,0.00602300,0.05773973,-0.45429370,-0.05667029,0.10790600,0.02465500,0.02465500,0.87872023,0.78781929,1.44381352,0.21396500,-0.00390400,-0.00390400,0.32755806,-0.02819738,-0.53639951,0.12981600,-0.01254800,-0.01254800,-0.22119812,-0.15481782,-0.88432406,-0.01129600,-0.05417900,-0.05417900,-1.26530676,-0.93420982,-0.45007676,-0.04826300,-0.12490900,-0.12490900,236.43342029,-26.92339199,-38.40355163,344.05000000,7.49000000,7.49000000,-0.22763879,-0.07292789,-1.05524098,-0.05257800,-0.07556500,-0.07556500,-0.54574715,-1.00158847,-1.25762979,-0.35446900,-0.56951500,-0.56951500,-0.79021864,-0.74690707,0.49973727,9.26340000,-2.77620000,-2.77620000,-1.18243354,0.28101626,-1.10591786,6.80700000,-0.35810000,-0.35810000,-1.03339597,0.00137407,-0.05391589,5.75590000,0.14070000,0.14070000,-4.73325762,-0.86606093,-1.56596459,0.23550000,0.05740000,0.05740000,-0.60333321,0.10719000,-0.47416943,0.15266000,-0.47691358,0.27183000,0.15648125,0.39260100,0.00613335,0.00361900,-0.54223337,-0.35707500,-3.43520182,0.70971000,-0.09731185,0.26864600,-5.43247045,0.00247700,-5.72867104,0.00477300,-3.18966489,0.05590500,0.01432380,0.00003347,0.00000542,0.00000542,0.00613335,0.00121287,0.00361900,0.00032000,0.00032000,,,,,,,,,,,,
T US Equity,6/30/2010,6/30/2013,0,47%,0.43120808,0.02013829,0.28888496,0.58694400,-0.00516900,-0.00516900,1.81476592,-2.03718382,-5.46738162,0.17910100,0.00311000,0.00311000,1.65717888,-3.69278804,-7.14416244,0.10081400,0.00406900,0.00406900,0.19968177,-0.03879628,-0.17811000,0.12276400,0.00917400,0.00917400,0.03036192,0.00563130,0.01371238,0.07355400,0.00439000,0.00439000,0.06771121,-0.04550653,-0.07480781,0.11928800,-0.00761900,-0.00761900,0.85350877,-0.02202963,1.34733015,0.21809500,0.01146100,0.01146100,0.33762253,-0.00345338,-0.58465143,0.14450300,0.01715000,0.01715000,-0.17215863,-0.11312511,-0.36957157,-0.00665800,-0.01904200,-0.01904200,-1.58352218,-0.04387292,-0.52944105,0.03512300,0.14486100,0.14486100,260.13316890,-25.50566640,2.96602682,344.44000000,-14.79000000,-14.79000000,-0.21458744,-0.58175694,-1.44472207,-0.00330100,0.04792300,0.04792300,0.75421062,0.59063263,0.98532914,-0.05253000,-0.22891800,-0.22891800,-0.15974436,0.43957261,-0.24283811,8.37560000,0.50210000,0.50210000,-0.47610409,0.03955366,-0.32363931,6.15490000,0.13280000,0.13280000,-2.06819530,-0.82014154,-0.84276689,5.12430000,-0.08750000,-0.08750000,-4.18587803,0.21355306,0.20158263,0.35210000,0.07720000,0.07720000,-0.64056660,0.14122000,-0.43624321,0.19329000,-0.42555585,0.18378000,0.15827260,0.39555300,0.01052137,0.00359200,1.25784883,-0.35707500,-11.56705429,0.67928900,-0.10266535,0.26162000,-5.32216517,0.00243600,-5.72393331,0.00492100,-3.19525025,0.05338100,-0.00133033,0.00003702,-0.00000005,-0.00000005,0.01052137,0.00573255,0.00359200,-0.00021100,-0.00021100,,,,,,,,,,,,
T US Equity,12/31/2010,12/31/2013,0,20%,2.03499387,1.70839760,1.67175036,0.57854000,-0.00856600,-0.00856600,13.68692153,12.22253041,3.90796207,0.15749100,-0.01517100,-0.01517100,14.82633002,13.17859404,2.64690255,0.15983300,0.05996900,0.05996900,0.27167834,0.06786872,0.00320749,0.18633200,0.06257900,0.06257900,0.05971458,0.03206666,0.03830212,0.10602300,0.03630900,0.03630900,0.05631642,-0.00142331,-0.45571701,0.08903800,-0.01886800,-0.01886800,0.79332326,-0.08539697,0.70242232,0.18360200,-0.03036300,-0.03036300,0.34556621,0.01800815,-0.01018923,0.13632800,0.00651200,0.00651200,-0.18377388,0.03742423,-0.11739358,0.01348000,0.02477600,0.02477600,0.30996894,1.57527571,0.64106588,0.62208100,0.67034400,0.67034400,275.29774239,38.86432210,11.94093011,349.93000000,5.88000000,5.88000000,-1.10692674,-0.87928795,-0.95221583,-0.04266600,0.00991200,0.00991200,0.86489296,1.41064012,0.40905165,-0.03643800,0.31803100,0.31803100,-0.13155204,0.65866660,-0.08824047,11.22760000,1.96420000,1.96420000,-0.24359157,0.93884197,1.21985823,6.82140000,0.01440000,0.01440000,-2.39557019,-1.36217421,-1.36080014,6.12810000,0.37220000,0.37220000,-4.01507844,0.71817918,-0.14788175,0.33860000,0.10310000,0.10310000,-0.62227019,0.03239000,-0.46331925,0.11959000,-0.41902151,0.15729000,0.17287090,0.36341300,0.00787676,0.00387400,-0.30571943,-0.35707500,-11.98000725,0.59264500,-0.10896402,0.24561700,-5.23719663,0.00233700,-5.64920083,0.00528900,-3.18955691,0.05448200,-0.01020996,0.00004823,0.00001476,0.00001476,0.00787676,0.00174341,0.00387400,0.00025500,0.00025500,,,,,,,,,,,,
T US Equity,6/30/2011,6/30/2014,0,13%,2.74797789,2.31676981,2.33690810,0.57740800,-0.00953600,-0.00953600,22.24283813,20.42807221,18.39088839,0.15508700,-0.02401400,-0.02401400,-6.36802198,-8.02520086,-11.71798890,0.16236800,0.06155400,0.06155400,0.27052711,0.07084534,0.03204906,0.18821400,0.06545000,0.06545000,0.07966834,0.04930642,0.05493771,0.12468500,0.05113100,0.05113100,0.10711334,0.03940213,-0.00610441,0.07984700,-0.03944100,-0.03944100,0.78760168,-0.06590709,-0.08793672,0.17977500,-0.03832000,-0.03832000,0.32986953,-0.00775300,-0.01120638,0.12408300,-0.02042000,-0.02042000,-0.13051400,0.04164463,-0.07148048,0.02365200,0.03031000,0.03031000,0.11605925,1.69958142,1.65570850,0.64865100,0.61352800,0.61352800,251.78193023,-8.35123867,-33.85690507,359.39000000,14.95000000,14.95000000,-0.30795936,-0.09337192,-0.67512886,-0.07041200,-0.06711100,-0.06711100,0.05823404,-0.69597658,-0.10534394,-0.01066400,0.04186600,0.04186600,-0.59474389,-0.43499954,0.00457307,12.51330000,4.13770000,4.13770000,-0.11092078,0.36518331,0.40473698,6.93270000,0.77780000,0.77780000,-0.35144877,1.71674654,0.89660500,6.47860000,1.35430000,1.35430000,-3.65173980,0.53413822,0.74769129,0.28770000,-0.06440000,-0.06440000,-0.62101792,0.11993000,-0.50938717,0.13581000,-0.44283283,0.14753000,0.45280206,0.34725100,0.00341333,0.00412800,-2.53826553,-0.35707500,-11.57049985,0.58498500,-0.11408670,0.24474100,-5.36231844,0.00223200,-5.77597519,0.00539800,-3.18890142,0.05329100,0.00026690,0.00005689,0.00001987,0.00001987,0.00341333,-0.00710805,0.00412800,0.00053600,0.00053600,,,,,,,,,,,,
T US Equity,12/31/2011,12/31/2014,0,11%,2.73147413,0.69648026,2.40487786,0.56527200,-0.01326800,-0.01326800,19.99098317,6.30406164,18.52659205,0.07274100,-0.08475000,-0.08475000,20.81943926,5.99310924,19.17170328,0.03112300,-0.12871000,-0.12871000,0.13800104,-0.13367730,-0.06580858,0.03632000,-0.15001200,-0.15001200,-0.07821472,-0.13792930,-0.10586264,0.04825300,-0.05777000,-0.05777000,0.11561542,0.05929899,0.05787568,0.08669800,-0.00234000,-0.00234000,0.69596057,-0.09736270,-0.18275966,0.08488800,-0.09871400,-0.09871400,0.34162792,-0.00393828,0.01406987,0.12026300,-0.01606500,-0.01606500,-0.08478740,0.09898649,0.13641072,0.01965700,0.00617700,0.00617700,-2.11912053,-2.42908947,-0.85381376,-0.80145000,-1.42353100,-1.42353100,195.62356668,-79.67417571,-40.80985361,347.43000000,-2.50000000,-2.50000000,-0.54581179,0.56111494,-0.31817300,-0.29156400,-0.24889800,-0.24889800,-0.28360326,-1.14849623,0.26214389,-0.29693900,-0.26050100,-0.26050100,-0.29533105,-0.16377901,0.49488759,12.25850000,1.03090000,1.03090000,-0.05149879,0.19209278,1.13093475,6.64170000,-0.17970000,-0.17970000,-0.02087576,2.37469443,1.01252022,8.36210000,2.23400000,2.23400000,-2.95712439,1.05795406,1.77613324,0.20400000,-0.13460000,-0.13460000,-0.68461868,0.09508000,-0.63233547,0.18115000,-0.49984925,0.18426000,-0.00747858,0.36181800,0.00835611,0.00398200,-2.55241017,-0.35707500,-3.77779406,0.61357500,-0.14202147,0.23943400,-5.24246192,0.00226000,-5.64640060,0.00536500,-3.18845528,0.05711900,-0.01465858,0.00002365,-0.00002458,-0.00002458,0.00835611,0.00047935,0.00398200,0.00010800,0.00010800,,,,,,,,,,,,
